id,Hardness
10407,3.478
10408,4.836
10409,5.284
10410,5.276
10411,5.095
10412,4.641
10413,4.384
10414,5.569
10415,4.358
10416,4.529
10417,4.261
10418,4.47
10419,5.391
10420,4.489
10421,5.243
10422,4.865
10423,5.288
10424,5.001
10425,5.095
10426,4.984
10427,3.449
10428,4.989
10429,4.83
10430,3.874
10431,3.853
10432,4.977
10433,5.768
10434,4.696
10435,5.429
10436,5.199
10437,5.356
10438,5.356
10439,5.348
10440,4.367
10441,4.013
10442,3.866
10443,2.149
10444,4.638
10445,4.925
10446,4.255
10447,5.314
10448,5.258
10449,5.127
10450,5.263
10451,4.905
10452,4.277
10453,5.382
10454,5.369
10455,3.422
10456,3.658
10457,2.57
10458,5.422
10459,4.889
10460,4.308
10461,5.162
10462,5.168
10463,5.391
10464,5.343
10465,4.077
10466,5.178
10467,5.404
10468,2.345
10469,5.254
10470,4.565
10471,5.326
10472,1.375
10473,5.211
10474,4.841
10475,5.334
10476,4.688
10477,5.315
10478,4.622
10479,4.471
10480,4.197
10481,3.976
10482,5.233
10483,5.274
10484,1.243
10485,4.307
10486,5.096
10487,2.82
10488,5.124
10489,4.28
10490,5.053
10491,5.061
10492,5.496
10493,2.678
10494,4.388
10495,4.167
10496,4.353
10497,5.143
10498,5.047
10499,5.308
10500,4.644
10501,2.603
10502,5.203
10503,4.733
10504,5.23
10505,4.857
10506,4.105
10507,5.406
10508,4.428
10509,3.597
10510,4.468
10511,4.234
10512,5.193
10513,5.622
10514,4.131
10515,2.509
10516,4.662
10517,5.477
10518,4.796
10519,5.239
10520,4.862
10521,5.097
10522,4.831
10523,4.61
10524,4.193
10525,4.681
10526,3.202
10527,4.946
10528,5.166
10529,4.826
10530,2.397
10531,5.31
10532,5.245
10533,4.95
10534,5.386
10535,5.289
10536,5.357
10537,4.835
10538,5.35
10539,5.131
10540,3.482
10541,2.927
10542,3.914
10543,4.727
10544,5.357
10545,4.676
10546,4.968
10547,5.236
10548,4.761
10549,4.483
10550,4.683
10551,4.859
10552,5.245
10553,5.376
10554,4.558
10555,4.842
10556,4.742
10557,5.375
10558,4.916
10559,4.04
10560,3.794
10561,5.11
10562,5.237
10563,3.831
10564,4.08
10565,5.456
10566,4.115
10567,4.529
10568,4.163
10569,5.347
10570,4.784
10571,5.036
10572,5.119
10573,4.75
10574,3.508
10575,5.332
10576,4.012
10577,3.163
10578,5.175
10579,5.286
10580,4.031
10581,5.241
10582,4.168
10583,3.506
10584,5.387
10585,2.271
10586,5.33
10587,5.459
10588,4.277
10589,5.511
10590,4.022
10591,5.237
10592,4.561
10593,4.823
10594,5.323
10595,5.26
10596,4.45
10597,5.366
10598,4.987
10599,5.079
10600,3.642
10601,4.577
10602,3.333
10603,4.95
10604,5.079
10605,5.327
10606,3.197
10607,5.213
10608,4.949
10609,5.434
10610,5.213
10611,4.773
10612,5.014
10613,5.145
10614,4.966
10615,5.277
10616,5.286
10617,5.306
10618,2.284
10619,5.358
10620,5.015
10621,4.468
10622,4.589
10623,5.339
10624,4.845
10625,5.275
10626,5.593
10627,5.052
10628,5.204
10629,5.432
10630,3.139
10631,5.475
10632,5.367
10633,2.536
10634,4.726
10635,4.6
10636,5.258
10637,3.969
10638,2.214
10639,5.239
10640,5.291
10641,4.915
10642,3.816
10643,3.227
10644,4.358
10645,5.075
10646,4.348
10647,5.111
10648,5.025
10649,4.867
10650,3.946
10651,4.633
10652,5.397
10653,5.157
10654,4.048
10655,4.782
10656,5.082
10657,4.255
10658,5.171
10659,5.31
10660,3.927
10661,5.224
10662,4.241
10663,5.317
10664,4.161
10665,5.321
10666,5.253
10667,5.277
10668,5.314
10669,4.37
10670,4.56
10671,5.357
10672,2.26
10673,4.205
10674,5.549
10675,5.153
10676,3.328
10677,2.553
10678,4.029
10679,3.641
10680,5.258
10681,4.465
10682,4.528
10683,4.382
10684,3.167
10685,5.191
10686,5.764
10687,4.852
10688,5.382
10689,4.478
10690,5.282
10691,5.034
10692,4.754
10693,5.278
10694,5.146
10695,4.448
10696,5.178
10697,4.875
10698,4.721
10699,1.331
10700,4.842
10701,5.072
10702,5.358
10703,5.206
10704,2.505
10705,4.904
10706,5.469
10707,5.124
10708,4.069
10709,3.521
10710,4.276
10711,4.669
10712,5.396
10713,2.316
10714,1.184
10715,4.891
10716,5.108
10717,5.47
10718,5.157
10719,5.232
10720,5.219
10721,5.002
10722,2.388
10723,3.622
10724,5.49
10725,3.194
10726,2.62
10727,5.136
10728,3.914
10729,5.95
10730,5.26
10731,4.803
10732,3.382
10733,3.139
10734,5.192
10735,5.086
10736,5.238
10737,4.674
10738,5.519
10739,3.465
10740,2.994
10741,4.825
10742,4.105
10743,4.38
10744,4.236
10745,5.175
10746,5.016
10747,3.916
10748,5.401
10749,4.588
10750,4.583
10751,5.085
10752,4.466
10753,4.774
10754,5.331
10755,5.332
10756,4.427
10757,3.94
10758,4.943
10759,4.416
10760,5.435
10761,5.149
10762,5.283
10763,5.102
10764,5.149
10765,3.473
10766,5.272
10767,4.421
10768,5.195
10769,4.996
10770,5.176
10771,1.899
10772,5.479
10773,3.747
10774,4.578
10775,5
10776,4.7
10777,3.183
10778,4.79
10779,5.125
10780,5.134
10781,4.369
10782,5.45
10783,3.724
10784,5.174
10785,5.255
10786,5.318
10787,5.321
10788,5.263
10789,5.158
10790,3.722
10791,5.095
10792,5.242
10793,4.525
10794,5.099
10795,5.274
10796,5.304
10797,5.298
10798,5.338
10799,4.961
10800,4.175
10801,5.275
10802,5.43
10803,5.321
10804,5.152
10805,5.221
10806,5.394
10807,5.125
10808,2.664
10809,2.084
10810,4.944
10811,4.421
10812,4.604
10813,4.998
10814,4.965
10815,2.682
10816,5.328
10817,4.711
10818,4.606
10819,5.267
10820,5.203
10821,2.398
10822,2.735
10823,5.247
10824,5.136
10825,5.295
10826,4.065
10827,4.851
10828,3.198
10829,5.129
10830,5.605
10831,5.308
10832,5.227
10833,5.086
10834,5.266
10835,4.555
10836,5.186
10837,4.418
10838,4.769
10839,4.715
10840,5.129
10841,5.305
10842,5.102
10843,3.373
10844,3.835
10845,4.346
10846,5.292
10847,5.124
10848,4.572
10849,5.262
10850,5.264
10851,3.573
10852,4.673
10853,4.374
10854,4.521
10855,4.575
10856,5.082
10857,5.078
10858,5.383
10859,5.412
10860,5.456
10861,5.033
10862,4.769
10863,3.252
10864,5.285
10865,5.289
10866,5.417
10867,3.226
10868,4.363
10869,4.797
10870,5.232
10871,5.222
10872,4.264
10873,4.53
10874,5.374
10875,5.402
10876,4.996
10877,4.688
10878,5.392
10879,5.268
10880,3.808
10881,5.45
10882,3.925
10883,4.677
10884,3.341
10885,5.335
10886,2.614
10887,3.952
10888,5.315
10889,5.26
10890,4.882
10891,4.285
10892,5.265
10893,2.08
10894,5.318
10895,5.213
10896,3.134
10897,5.398
10898,5.237
10899,3.758
10900,4.556
10901,5.054
10902,4.971
10903,3.369
10904,4.989
10905,4.881
10906,4.563
10907,4.324
10908,5.342
10909,3.099
10910,4.877
10911,4.829
10912,5.159
10913,4.754
10914,4.445
10915,4.328
10916,4.421
10917,5.397
10918,5.472
10919,4.61
10920,5.224
10921,4.692
10922,3.817
10923,5.119
10924,5.301
10925,5.196
10926,5.351
10927,4.304
10928,2.128
10929,3.234
10930,4.795
10931,2.129
10932,5.019
10933,5.454
10934,4.951
10935,4.965
10936,4.309
10937,4.997
10938,4.22
10939,5.406
10940,5.38
10941,3.612
10942,4.903
10943,5.44
10944,4.582
10945,5.43
10946,5.2
10947,4.687
10948,5.354
10949,3.514
10950,4.029
10951,5.003
10952,5.256
10953,4.02
10954,4.847
10955,4.604
10956,5.431
10957,5.4
10958,5.415
10959,4.828
10960,4.105
10961,5.377
10962,4.072
10963,4.336
10964,5.203
10965,5.233
10966,5.056
10967,4.799
10968,5.106
10969,3.985
10970,4.863
10971,5.058
10972,5.368
10973,5.341
10974,4.885
10975,2.521
10976,5.874
10977,4.952
10978,5.227
10979,3.843
10980,5.387
10981,5.357
10982,5.492
10983,4.551
10984,5.087
10985,3.541
10986,5.318
10987,5.244
10988,4.892
10989,4.297
10990,4.122
10991,3.937
10992,4.63
10993,4.382
10994,4.978
10995,4.867
10996,5.287
10997,5.584
10998,4.408
10999,4.723
11000,5.34
11001,5.221
11002,2.72
11003,5.127
11004,4.884
11005,3.606
11006,5.695
11007,5.26
11008,5.056
11009,4.483
11010,5.164
11011,5.293
11012,5.094
11013,4.93
11014,5.574
11015,5.323
11016,5.304
11017,5.26
11018,4.704
11019,3.988
11020,5.257
11021,4.974
11022,5.398
11023,4.715
11024,5.432
11025,4.539
11026,5.735
11027,4.248
11028,5.218
11029,2.351
11030,4.018
11031,5.239
11032,3.849
11033,5.306
11034,3.656
11035,5.269
11036,4.984
11037,5.286
11038,5.4
11039,5.057
11040,5.077
11041,4.982
11042,2.293
11043,4.137
11044,4.183
11045,5.103
11046,2.571
11047,5.347
11048,5.384
11049,5.434
11050,4.202
11051,5.078
11052,2.408
11053,5.28
11054,4.573
11055,5.413
11056,5.346
11057,5.221
11058,5.199
11059,5.36
11060,4.136
11061,5.56
11062,5.224
11063,5.256
11064,5.458
11065,5.421
11066,5.295
11067,4.417
11068,5.073
11069,5.349
11070,5.367
11071,5.367
11072,3.492
11073,4.842
11074,5.314
11075,4.938
11076,4.285
11077,4.581
11078,4.005
11079,5.159
11080,4.034
11081,5.304
11082,5
11083,4.685
11084,5.205
11085,5.031
11086,5.144
11087,5.306
11088,2.726
11089,4.593
11090,5.227
11091,3.039
11092,4.063
11093,5.185
11094,4.451
11095,4.728
11096,5.268
11097,4.627
11098,5.094
11099,5.268
11100,5.162
11101,5.082
11102,5.225
11103,4.175
11104,5.282
11105,5.328
11106,5.25
11107,4.779
11108,5.287
11109,5.311
11110,4.988
11111,4.951
11112,4.753
11113,4.954
11114,4.569
11115,5.002
11116,5.354
11117,5.324
11118,5.539
11119,5.202
11120,4.651
11121,5.422
11122,5.01
11123,4.389
11124,5.244
11125,4.958
11126,3.919
11127,5.226
11128,5.205
11129,5.486
11130,4.619
11131,4.658
11132,4.115
11133,4.07
11134,5.253
11135,5.097
11136,4.875
11137,5.162
11138,5.228
11139,5.218
11140,4.708
11141,5.011
11142,5.219
11143,5.326
11144,3.633
11145,4.482
11146,4.874
11147,5.131
11148,3.492
11149,5.112
11150,4.84
11151,4.954
11152,4.26
11153,5.257
11154,3.333
11155,5.077
11156,4.063
11157,2.422
11158,5.04
11159,4.739
11160,4.127
11161,4.768
11162,4.968
11163,5.201
11164,5.2
11165,4.022
11166,5.062
11167,5.241
11168,5.151
11169,5.26
11170,4.327
11171,4.917
11172,5.165
11173,4.438
11174,5.263
11175,5.002
11176,5.136
11177,5.114
11178,6.984
11179,3.996
11180,5.331
11181,5.383
11182,5.023
11183,5.245
11184,5.237
11185,5.11
11186,5.884
11187,5.206
11188,5.186
11189,4.069
11190,4.384
11191,4.642
11192,4.589
11193,5.145
11194,3.972
11195,5.196
11196,5.304
11197,4.935
11198,4.26
11199,4.289
11200,5.228
11201,4.207
11202,4.642
11203,2.255
11204,5.28
11205,5.239
11206,5.046
11207,5.075
11208,5.225
11209,5.556
11210,5.226
11211,4.918
11212,5.568
11213,2.837
11214,4.307
11215,5.232
11216,4.342
11217,5.467
11218,5.316
11219,3.511
11220,1.865
11221,4.083
11222,5.105
11223,4.197
11224,4.346
11225,4.191
11226,4.985
11227,4.765
11228,5.328
11229,5.135
11230,5.43
11231,5.281
11232,2.967
11233,4.562
11234,4.501
11235,4.413
11236,5.398
11237,5.308
11238,2.714
11239,5.623
11240,5.286
11241,4.203
11242,3.799
11243,5.176
11244,5.348
11245,4.765
11246,4.648
11247,2.362
11248,5.258
11249,2.774
11250,5.079
11251,4.497
11252,5.409
11253,5.555
11254,5.244
11255,5.231
11256,5.163
11257,5.514
11258,3.068
11259,5.256
11260,3.988
11261,5.546
11262,5.121
11263,4.143
11264,5.429
11265,5.237
11266,4.899
11267,2.674
11268,5.247
11269,5.264
11270,4.595
11271,5.027
11272,3.972
11273,3.55
11274,4.72
11275,5.242
11276,3.931
11277,4.284
11278,4.435
11279,5.314
11280,4.36
11281,5.405
11282,4.991
11283,4.901
11284,5.188
11285,5.076
11286,4.979
11287,5.207
11288,5.268
11289,4.872
11290,5.284
11291,4.083
11292,4.524
11293,5.225
11294,4.671
11295,5.296
11296,5.443
11297,5.062
11298,5.495
11299,4.721
11300,2.46
11301,3.513
11302,5.086
11303,4.574
11304,5.113
11305,4.399
11306,5.36
11307,5.398
11308,5.346
11309,3.211
11310,4.948
11311,4.062
11312,2.014
11313,4.9
11314,5.219
11315,5.294
11316,3.458
11317,5.242
11318,5.562
11319,2.86
11320,5.212
11321,5.294
11322,5.359
11323,4.06
11324,2.333
11325,5.2
11326,5.483
11327,3.113
11328,4.97
11329,2.758
11330,5.323
11331,5.278
11332,5.326
11333,5.461
11334,5.131
11335,4.918
11336,3.274
11337,4.003
11338,4.336
11339,5.134
11340,5.369
11341,5.295
11342,5.113
11343,3.221
11344,5.24
11345,5.289
11346,5.215
11347,5.115
11348,5.016
11349,4.076
11350,4.914
11351,4.233
11352,3.763
11353,2.788
11354,2.453
11355,3.895
11356,4.959
11357,4.866
11358,5.016
11359,5.298
11360,3.891
11361,5.15
11362,4.398
11363,5.225
11364,4.023
11365,4.254
11366,5.232
11367,5.033
11368,4.121
11369,5.237
11370,4.303
11371,4.065
11372,5.16
11373,4.059
11374,5.184
11375,5.431
11376,5.262
11377,5.339
11378,4.158
11379,4.609
11380,4.902
11381,4.112
11382,3.824
11383,4.729
11384,4.391
11385,4.459
11386,5.115
11387,5.329
11388,5.265
11389,4.919
11390,4.111
11391,4.497
11392,5.035
11393,5.058
11394,4.946
11395,4.786
11396,4.414
11397,5.533
11398,4.796
11399,5.681
11400,5.399
11401,4.936
11402,5.349
11403,5.091
11404,5.202
11405,4.546
11406,5.085
11407,5.248
11408,4.932
11409,2.247
11410,3.791
11411,2.938
11412,4.912
11413,4.354
11414,4.957
11415,5.289
11416,5.021
11417,5.246
11418,5.098
11419,4.41
11420,5.188
11421,5.256
11422,4.931
11423,5.118
11424,5.052
11425,3.423
11426,5.095
11427,4.549
11428,2.708
11429,4.963
11430,5.18
11431,3.429
11432,5.5
11433,4.355
11434,3.226
11435,4.415
11436,2.581
11437,5.115
11438,4.577
11439,4.895
11440,4.01
11441,2.317
11442,2.752
11443,2.818
11444,5.326
11445,4.543
11446,4.987
11447,5.333
11448,5.461
11449,4.681
11450,4.588
11451,4.765
11452,4.817
11453,3.889
11454,4.879
11455,4.99
11456,1.608
11457,5.138
11458,5.3
11459,2.213
11460,4.328
11461,2.82
11462,5.328
11463,3.694
11464,4.513
11465,5.223
11466,5.087
11467,5.144
11468,4.547
11469,5.375
11470,5.252
11471,3.972
11472,4.167
11473,5.068
11474,5.151
11475,5.331
11476,3.64
11477,5.161
11478,4.872
11479,4.36
11480,5.215
11481,5.309
11482,3.919
11483,5.347
11484,3.829
11485,3.271
11486,5.007
11487,5.124
11488,5.173
11489,4.86
11490,4.179
11491,5.332
11492,3.123
11493,5.129
11494,5.006
11495,5.351
11496,4.725
11497,5.38
11498,5.271
11499,2.284
11500,4.98
11501,5.021
11502,4.683
11503,4.928
11504,5.319
11505,3.968
11506,5.254
11507,5.125
11508,5.036
11509,5.355
11510,5.207
11511,5.201
11512,2.926
11513,2.549
11514,5.218
11515,5.212
11516,4.831
11517,4.095
11518,4.576
11519,5.242
11520,5.438
11521,2.232
11522,5.361
11523,5.202
11524,5.126
11525,5.301
11526,5.273
11527,5.127
11528,5.369
11529,5.428
11530,2.935
11531,4.582
11532,4.082
11533,4.629
11534,5.327
11535,4.649
11536,5.107
11537,4.248
11538,5.155
11539,5.586
11540,3.268
11541,4.726
11542,4.026
11543,5.251
11544,4.362
11545,5.238
11546,5.228
11547,5.364
11548,5.018
11549,5.475
11550,5.122
11551,3.066
11552,5.098
11553,5.21
11554,5.305
11555,4.575
11556,5.084
11557,5.051
11558,5.18
11559,5.333
11560,5.465
11561,5.376
11562,5.57
11563,5.069
11564,5.324
11565,4.829
11566,5.176
11567,4.518
11568,5.479
11569,5.226
11570,5.676
11571,4.879
11572,4.23
11573,5.261
11574,4.175
11575,0.944
11576,4.24
11577,5.065
11578,4.836
11579,4.772
11580,3.78
11581,3.677
11582,4.874
11583,4.101
11584,5.584
11585,3.427
11586,5.291
11587,4.485
11588,3.63
11589,4.85
11590,5.271
11591,5.253
11592,5.117
11593,4.849
11594,5.384
11595,5.077
11596,4.337
11597,5.078
11598,4.854
11599,3.44
11600,4.341
11601,4.379
11602,3.099
11603,4.129
11604,3.772
11605,5.265
11606,5.07
11607,5.154
11608,5.217
11609,3.078
11610,5.368
11611,5.119
11612,4.811
11613,5.213
11614,4.108
11615,5.231
11616,3.942
11617,4.942
11618,3.999
11619,5.368
11620,5.295
11621,4.697
11622,5.271
11623,5.302
11624,5.127
11625,4.85
11626,5.239
11627,3.525
11628,4.26
11629,5.243
11630,4.402
11631,4.465
11632,1.922
11633,5.032
11634,5.249
11635,5.249
11636,4.953
11637,5.235
11638,4.521
11639,4.631
11640,3.667
11641,5.039
11642,5.132
11643,4.075
11644,5.44
11645,3.75
11646,5.135
11647,5.204
11648,4.463
11649,5.066
11650,5.256
11651,4.699
11652,5.294
11653,5.552
11654,4.235
11655,4.512
11656,3.388
11657,5.229
11658,5.291
11659,5.447
11660,5.269
11661,4.757
11662,4.984
11663,5.405
11664,2.645
11665,4.205
11666,5.3
11667,5.289
11668,5.164
11669,4.101
11670,5.297
11671,5.022
11672,4.976
11673,5.453
11674,4.368
11675,5.361
11676,5.03
11677,5.14
11678,5.273
11679,3.249
11680,5.359
11681,4.583
11682,3.397
11683,4.47
11684,3.574
11685,2.651
11686,4.431
11687,5.259
11688,4.523
11689,3.212
11690,5.389
11691,2.512
11692,3.013
11693,2.461
11694,5.36
11695,5.224
11696,5.19
11697,4.767
11698,4.044
11699,2.216
11700,5.293
11701,4.715
11702,5.216
11703,5.219
11704,5.146
11705,4.392
11706,5.14
11707,5.503
11708,5.343
11709,2.777
11710,5.361
11711,5.144
11712,4.975
11713,2.952
11714,5.313
11715,5.032
11716,5.172
11717,5.347
11718,3.779
11719,4.357
11720,5.018
11721,5.26
11722,5.14
11723,5.506
11724,5.121
11725,5.92
11726,4.282
11727,5.3
11728,5.088
11729,5.297
11730,4.329
11731,4.908
11732,4.638
11733,5.422
11734,4.713
11735,5.182
11736,3.194
11737,5.142
11738,4.696
11739,4.369
11740,4.048
11741,5.095
11742,5.32
11743,5.012
11744,2.19
11745,4.045
11746,5.231
11747,4.645
11748,4.808
11749,4.641
11750,3.174
11751,5.357
11752,4.808
11753,4.619
11754,5.303
11755,4.266
11756,4.765
11757,5.266
11758,5.321
11759,5.137
11760,5.332
11761,5.228
11762,4.755
11763,5.044
11764,5.495
11765,5.177
11766,-0.239
11767,5.349
11768,4.02
11769,4.953
11770,5.099
11771,5.297
11772,4.401
11773,4.764
11774,3.44
11775,5.454
11776,4.566
11777,5.107
11778,3.221
11779,5.37
11780,4.761
11781,3.452
11782,5.006
11783,4.78
11784,4.958
11785,5.145
11786,4.99
11787,4.474
11788,4.166
11789,4.099
11790,5.093
11791,5.359
11792,2.135
11793,3.659
11794,5.11
11795,4.774
11796,5.369
11797,4.768
11798,5.335
11799,5.257
11800,4.89
11801,5.269
11802,5.198
11803,4.04
11804,5.065
11805,4.895
11806,4.446
11807,4.017
11808,5.081
11809,5.257
11810,5.082
11811,4.066
11812,4.683
11813,5.121
11814,3.206
11815,4.205
11816,4.471
11817,5.224
11818,5.326
11819,5.076
11820,4.591
11821,4.698
11822,4.837
11823,5.179
11824,5.272
11825,5.269
11826,5.117
11827,1.568
11828,4.719
11829,4.695
11830,4.698
11831,5.342
11832,3.828
11833,4.198
11834,5.217
11835,3.808
11836,5.003
11837,4.985
11838,5.351
11839,3.753
11840,5.207
11841,3.482
11842,3.724
11843,4.337
11844,5.23
11845,4.727
11846,5.499
11847,4.017
11848,5.205
11849,5.336
11850,4.518
11851,5.155
11852,5.361
11853,4.526
11854,5.236
11855,5.519
11856,4.59
11857,3.492
11858,5.362
11859,5.505
11860,5.345
11861,5.312
11862,4.681
11863,3.694
11864,2.943
11865,4.985
11866,4.324
11867,5.388
11868,5.113
11869,4.301
11870,5.098
11871,5.206
11872,4.855
11873,5.392
11874,5.483
11875,4.849
11876,3.158
11877,5.187
11878,4.704
11879,4.881
11880,5.315
11881,5.377
11882,5.371
11883,5.489
11884,3.512
11885,2.785
11886,4.796
11887,4.053
11888,2.325
11889,4.885
11890,5.45
11891,5.252
11892,2.346
11893,5.407
11894,4.678
11895,4.955
11896,5.435
11897,5.133
11898,5.35
11899,2.314
11900,5.193
11901,5.285
11902,2.223
11903,5.223
11904,2.905
11905,5.373
11906,5.222
11907,5.158
11908,4.887
11909,5.146
11910,5.207
11911,3.7
11912,4.597
11913,2.073
11914,4.116
11915,4.767
11916,5.235
11917,4.498
11918,3.858
11919,3.649
11920,2.515
11921,5.046
11922,4.182
11923,3.554
11924,4.569
11925,5.27
11926,5.393
11927,2.961
11928,5.198
11929,1.785
11930,5.355
11931,4.32
11932,4.75
11933,5.206
11934,5.445
11935,3.873
11936,4.981
11937,2.703
11938,5.399
11939,5.611
11940,5.35
11941,5.011
11942,4.944
11943,4.346
11944,4.354
11945,4.843
11946,5.282
11947,5.033
11948,5.19
11949,4.537
11950,4.494
11951,4.255
11952,5.203
11953,5.167
11954,5.281
11955,4.339
11956,5.064
11957,5.199
11958,4.413
11959,3.393
11960,4.774
11961,4.062
11962,5.077
11963,3.119
11964,2.898
11965,3.799
11966,4.854
11967,5.149
11968,4.174
11969,4.199
11970,4.957
11971,5.37
11972,5.243
11973,5.27
11974,4.995
11975,5.153
11976,5.196
11977,5.489
11978,4.824
11979,1.554
11980,5.156
11981,5.25
11982,5.282
11983,4.236
11984,5.18
11985,5.243
11986,4.252
11987,5.246
11988,5.204
11989,4.469
11990,3.235
11991,1.976
11992,5.373
11993,5.145
11994,3.849
11995,3.799
11996,5.208
11997,4.733
11998,5.214
11999,3.754
12000,4.762
12001,4.674
12002,2.767
12003,5.057
12004,4.881
12005,5.694
12006,4.659
12007,5.223
12008,4.567
12009,2.404
12010,5.436
12011,5.315
12012,2.153
12013,4.46
12014,5.307
12015,5.182
12016,5.211
12017,2.881
12018,4.937
12019,5.403
12020,4.778
12021,5.381
12022,2.475
12023,5.111
12024,4.348
12025,4.536
12026,5.248
12027,5.46
12028,5.324
12029,5.091
12030,5.02
12031,5.23
12032,2.834
12033,4.388
12034,4.653
12035,5.242
12036,5.007
12037,4.467
12038,3.504
12039,4.863
12040,5.511
12041,5.337
12042,5.648
12043,5.432
12044,5.115
12045,1.561
12046,5.435
12047,4.08
12048,5.239
12049,4.302
12050,4.05
12051,5.292
12052,4.301
12053,5.285
12054,5.205
12055,5.229
12056,5.397
12057,4.552
12058,5.378
12059,5.1
12060,3.665
12061,4.727
12062,5.262
12063,5.395
12064,3.428
12065,4.609
12066,3.228
12067,4.965
12068,5.185
12069,3.973
12070,4.388
12071,3.59
12072,4.306
12073,5.244
12074,5.16
12075,5.231
12076,4.914
12077,4.675
12078,5.228
12079,4.95
12080,4.914
12081,4.997
12082,5.179
12083,3.653
12084,5.193
12085,4.058
12086,5.412
12087,3.407
12088,4.234
12089,2.375
12090,5.202
12091,3.385
12092,5.28
12093,4.004
12094,2.268
12095,4.037
12096,4.554
12097,4.205
12098,3.959
12099,4.378
12100,5.223
12101,4.021
12102,5.225
12103,2.475
12104,4.691
12105,5.079
12106,3.623
12107,5.469
12108,3.733
12109,4.484
12110,3.74
12111,5.319
12112,2.476
12113,4.911
12114,3.488
12115,4.824
12116,5.297
12117,2.314
12118,5.146
12119,5.435
12120,4.567
12121,5.154
12122,5.251
12123,2.627
12124,4.39
12125,5.542
12126,5.163
12127,4.627
12128,4.568
12129,5.349
12130,3.542
12131,3.496
12132,5.077
12133,5.112
12134,5.223
12135,4.599
12136,5.096
12137,5.359
12138,4.865
12139,3.974
12140,5.445
12141,5.118
12142,4.93
12143,4.609
12144,5.142
12145,4.476
12146,2.752
12147,4.664
12148,2.184
12149,5.313
12150,4.337
12151,3.779
12152,5.444
12153,5.299
12154,3.264
12155,4.8
12156,5.306
12157,5.255
12158,4.124
12159,5.308
12160,4.426
12161,5.05
12162,5.332
12163,4.135
12164,5.234
12165,4.171
12166,5.287
12167,4.95
12168,4.136
12169,5.412
12170,3.442
12171,5.153
12172,4.586
12173,5.121
12174,5.219
12175,5.263
12176,3.894
12177,5.442
12178,5.372
12179,4.385
12180,5.322
12181,4.46
12182,4.977
12183,5.186
12184,3.024
12185,5.144
12186,3.78
12187,3.748
12188,5.237
12189,4.522
12190,4.013
12191,5.14
12192,2.811
12193,5.424
12194,5.476
12195,4.627
12196,5.357
12197,5.147
12198,5.333
12199,5.295
12200,3.662
12201,5.37
12202,5.043
12203,5.104
12204,4.554
12205,5.087
12206,5.379
12207,1.916
12208,5.262
12209,4.781
12210,3.659
12211,5.204
12212,5.356
12213,4.792
12214,4.223
12215,3.532
12216,5.334
12217,4.47
12218,5.366
12219,5.069
12220,4.301
12221,5.272
12222,3.771
12223,2.657
12224,5.234
12225,5.222
12226,4.738
12227,4.832
12228,4.947
12229,5.238
12230,5.401
12231,4.038
12232,4.958
12233,4.004
12234,5.355
12235,4.384
12236,4.981
12237,2.195
12238,5.25
12239,4.555
12240,2.778
12241,5.328
12242,4.593
12243,5.224
12244,4.409
12245,5.327
12246,4.831
12247,5.091
12248,5.037
12249,5.513
12250,4.306
12251,5.177
12252,4.485
12253,2.008
12254,3.956
12255,5.295
12256,4.513
12257,5.224
12258,2.602
12259,2.433
12260,4.513
12261,5.202
12262,2.829
12263,5.197
12264,3.244
12265,5.259
12266,3.937
12267,4.763
12268,4.498
12269,2.915
12270,5.514
12271,5.23
12272,5.487
12273,4.963
12274,5.034
12275,3.546
12276,4.206
12277,5.182
12278,4.452
12279,5.218
12280,5.216
12281,3.282
12282,4.57
12283,4.467
12284,4.338
12285,5.35
12286,5.405
12287,4.088
12288,5.223
12289,5.021
12290,5.238
12291,3.683
12292,2.581
12293,4.426
12294,2.92
12295,5.511
12296,4.911
12297,4.473
12298,4.296
12299,3.146
12300,3.644
12301,4.364
12302,5.261
12303,4.304
12304,1.907
12305,3.074
12306,3.885
12307,4.868
12308,5.401
12309,4.935
12310,5.249
12311,3.874
12312,5.33
12313,5.506
12314,5.253
12315,5.04
12316,4.382
12317,4.829
12318,3.949
12319,5.394
12320,3.888
12321,5.394
12322,5.004
12323,2.807
12324,3.831
12325,3.789
12326,5.122
12327,4.83
12328,2.461
12329,5.021
12330,5.398
12331,5.085
12332,5.291
12333,3.498
12334,5.141
12335,5.101
12336,5.333
12337,5.266
12338,4.916
12339,5.305
12340,4.203
12341,5.224
12342,5.313
12343,5.028
12344,5.242
12345,5.409
12346,4.055
12347,5.336
12348,5.363
12349,5.474
12350,5.23
12351,4.798
12352,4.884
12353,5.137
12354,4.553
12355,4.445
12356,5.227
12357,4.493
12358,5.168
12359,4.415
12360,4.117
12361,5.426
12362,4.98
12363,5.281
12364,2.905
12365,5.635
12366,5.123
12367,5.105
12368,5.074
12369,3.308
12370,5.361
12371,4.748
12372,4.62
12373,4.85
12374,4.861
12375,5.433
12376,4.169
12377,3.207
12378,5.311
12379,4.574
12380,5.306
12381,5.345
12382,5.051
12383,4.245
12384,5.234
12385,5.498
12386,5.078
12387,5.229
12388,3.693
12389,4.339
12390,4.378
12391,5.196
12392,4.999
12393,4.834
12394,4.316
12395,4.522
12396,5.246
12397,5.418
12398,4.906
12399,5.508
12400,2.411
12401,4.616
12402,5.189
12403,5.254
12404,4.196
12405,5.312
12406,4.564
12407,5.001
12408,5.011
12409,5.558
12410,4.626
12411,5.526
12412,3.958
12413,3.531
12414,5.358
12415,5.102
12416,4.484
12417,5.261
12418,5.308
12419,5.263
12420,5.377
12421,4.528
12422,5.252
12423,4.647
12424,4.744
12425,4.689
12426,4.557
12427,4.86
12428,5.404
12429,4.999
12430,3.828
12431,5.276
12432,5.077
12433,3.874
12434,5.229
12435,4.166
12436,4.112
12437,5.113
12438,3.941
12439,5.148
12440,4.919
12441,3.545
12442,5.295
12443,5.216
12444,4.184
12445,4.046
12446,4.1
12447,3.6
12448,3.114
12449,4.823
12450,5.17
12451,3.766
12452,4.681
12453,5.092
12454,2.754
12455,5.505
12456,5.104
12457,4.526
12458,4.836
12459,4.284
12460,2.452
12461,4.873
12462,5.061
12463,4.416
12464,5.081
12465,2.915
12466,3.523
12467,4.787
12468,5.574
12469,5.527
12470,5.284
12471,3.52
12472,3.079
12473,2.777
12474,5.034
12475,3.201
12476,3.494
12477,5.45
12478,2.643
12479,5.301
12480,4.342
12481,5.468
12482,5.073
12483,4.442
12484,2.465
12485,5.451
12486,4.058
12487,5.411
12488,2.875
12489,4.946
12490,5.244
12491,4.626
12492,4.995
12493,4.809
12494,5.195
12495,3.532
12496,4.999
12497,4.616
12498,3.185
12499,2.302
12500,4.386
12501,4.238
12502,5.271
12503,3.274
12504,5.449
12505,4.512
12506,5.275
12507,4.102
12508,4.076
12509,3.986
12510,5.419
12511,5.407
12512,3.298
12513,5.514
12514,5.617
12515,5.069
12516,5.511
12517,5.221
12518,4.2
12519,4.988
12520,5.376
12521,5.242
12522,4.822
12523,4.321
12524,5.307
12525,4.002
12526,5.224
12527,4.131
12528,4.76
12529,4.126
12530,4.201
12531,4.421
12532,5.172
12533,5.401
12534,5.513
12535,4.53
12536,5.125
12537,4.709
12538,3.469
12539,4.139
12540,3.756
12541,5.283
12542,5.09
12543,5.218
12544,5.327
12545,5.408
12546,4.998
12547,2.814
12548,5.179
12549,4.588
12550,3.178
12551,4.823
12552,5.449
12553,4.91
12554,4.987
12555,4.767
12556,3.794
12557,2.633
12558,5.546
12559,5.392
12560,4.925
12561,5.067
12562,2.962
12563,5.365
12564,4.788
12565,2.878
12566,5.433
12567,4.164
12568,1.391
12569,1.973
12570,5.309
12571,4.456
12572,5.361
12573,4.474
12574,5.008
12575,5.053
12576,4.757
12577,5.171
12578,5.494
12579,5.427
12580,5.311
12581,5.178
12582,2.875
12583,4.75
12584,4.163
12585,5.144
12586,5.223
12587,5.409
12588,3.498
12589,5.088
12590,5.374
12591,4.909
12592,5.354
12593,5.02
12594,4.324
12595,5.271
12596,5.326
12597,5.226
12598,5.282
12599,4.767
12600,5.207
12601,5.191
12602,5.172
12603,4.194
12604,5.423
12605,5.331
12606,5.531
12607,4.162
12608,3.785
12609,4.755
12610,5.053
12611,2.653
12612,4.799
12613,5.171
12614,3.535
12615,4.993
12616,5.383
12617,4.241
12618,5.202
12619,4.918
12620,3.576
12621,4.257
12622,4.325
12623,5.02
12624,5.166
12625,5.078
12626,4.809
12627,3.652
12628,4.308
12629,2.33
12630,3.452
12631,4.267
12632,5.521
12633,3.846
12634,3.668
12635,5.232
12636,4.191
12637,5.29
12638,2.78
12639,5.311
12640,4.719
12641,5.06
12642,5.242
12643,5.122
12644,5.225
12645,5.115
12646,4.442
12647,5.404
12648,5.398
12649,5.184
12650,4.751
12651,4.822
12652,4.983
12653,5.187
12654,5.223
12655,4.988
12656,5.343
12657,5.202
12658,3.903
12659,4.626
12660,5.447
12661,5.003
12662,5.655
12663,5.198
12664,4.831
12665,5.298
12666,5.239
12667,2.555
12668,4.862
12669,4.559
12670,4.101
12671,4.117
12672,5.32
12673,5.291
12674,5.334
12675,5.333
12676,2.539
12677,5.038
12678,2.772
12679,3.091
12680,4.759
12681,4.352
12682,2.297
12683,4.697
12684,5.303
12685,5.143
12686,4.971
12687,4.449
12688,2.007
12689,2.81
12690,5.099
12691,5.09
12692,5.265
12693,5.578
12694,4.29
12695,4.104
12696,5.063
12697,4.113
12698,4.643
12699,4.062
12700,5.382
12701,5.261
12702,4.897
12703,5.391
12704,5.32
12705,5.054
12706,5.019
12707,5.712
12708,5.428
12709,4.378
12710,5.203
12711,3.95
12712,4.991
12713,5.284
12714,5.149
12715,5.233
12716,4.559
12717,4.417
12718,2.55
12719,3.291
12720,5.383
12721,4.632
12722,5.153
12723,4.454
12724,4.265
12725,3.046
12726,5.003
12727,3.289
12728,4.954
12729,2.709
12730,5.12
12731,4.314
12732,5.203
12733,4.933
12734,4.428
12735,5.142
12736,2.019
12737,5.223
12738,3.55
12739,5.367
12740,5.339
12741,4.903
12742,2.703
12743,4.479
12744,5.299
12745,5.036
12746,2.333
12747,5.321
12748,4.879
12749,3.64
12750,4.14
12751,5.289
12752,5.238
12753,4.931
12754,3.422
12755,5.393
12756,5.204
12757,3.797
12758,4.145
12759,5.018
12760,4.989
12761,5.141
12762,2.928
12763,4.324
12764,5.12
12765,2.23
12766,4.505
12767,3.755
12768,4.671
12769,5.134
12770,4.88
12771,4.673
12772,5.281
12773,4.531
12774,5.187
12775,5.246
12776,5.205
12777,5.206
12778,4.116
12779,4.977
12780,5.25
12781,2.428
12782,3.821
12783,4.522
12784,4.709
12785,5.287
12786,4.422
12787,5.015
12788,5.512
12789,5.74
12790,5.361
12791,3.222
12792,3.22
12793,3.229
12794,3.934
12795,5.582
12796,3.887
12797,5.102
12798,4.698
12799,5.245
12800,3.942
12801,5.485
12802,2.972
12803,2.562
12804,5.224
12805,4.856
12806,4.677
12807,5.258
12808,3.729
12809,4.527
12810,3.373
12811,5.264
12812,4.423
12813,5.165
12814,4.602
12815,2.773
12816,5.256
12817,5.049
12818,4.647
12819,5.034
12820,5.145
12821,5.191
12822,4.418
12823,5.424
12824,5.331
12825,5.286
12826,4.587
12827,5.326
12828,5.297
12829,5.507
12830,2.228
12831,5.098
12832,5.493
12833,3.643
12834,4.175
12835,4.47
12836,2.487
12837,4.552
12838,5.243
12839,4.779
12840,5.12
12841,5.205
12842,5.128
12843,3.127
12844,4.757
12845,3.858
12846,4.152
12847,4.763
12848,4.465
12849,5.327
12850,4.757
12851,4.679
12852,4.639
12853,4.19
12854,4.885
12855,4.882
12856,5.181
12857,5.136
12858,5.533
12859,5.87
12860,4.885
12861,4.566
12862,4.207
12863,3.18
12864,5.309
12865,4.292
12866,2.469
12867,4.154
12868,3.044
12869,5.404
12870,4.54
12871,5.2
12872,2.84
12873,2.446
12874,4.388
12875,5.062
12876,4.796
12877,3.264
12878,4.725
12879,5.13
12880,2.242
12881,4.958
12882,5.157
12883,5.208
12884,5.131
12885,5.012
12886,5.525
12887,5.306
12888,5.045
12889,4.216
12890,5.1
12891,5.062
12892,5.009
12893,5.313
12894,5.557
12895,4.096
12896,5.322
12897,4.888
12898,3.412
12899,5.275
12900,5.477
12901,5.303
12902,4.152
12903,4.395
12904,5.31
12905,4.449
12906,1.042
12907,5.166
12908,2.954
12909,4.638
12910,5.342
12911,5.294
12912,5.111
12913,5.424
12914,5.019
12915,4.674
12916,5.371
12917,5.866
12918,4.014
12919,5.431
12920,4.572
12921,4.57
12922,4.828
12923,5.244
12924,5.029
12925,2.54
12926,4.413
12927,3.954
12928,5.066
12929,4.85
12930,5.396
12931,5.507
12932,5.086
12933,4.215
12934,4.914
12935,5.154
12936,5.058
12937,2.53
12938,5.273
12939,5.265
12940,5.181
12941,5.146
12942,4.065
12943,3.172
12944,5.322
12945,3.939
12946,5.188
12947,2.759
12948,3.509
12949,4.516
12950,5.386
12951,5.426
12952,5.319
12953,4.532
12954,5.397
12955,5.039
12956,2.969
12957,4.044
12958,4.959
12959,3.865
12960,3.62
12961,2.487
12962,5.255
12963,4.757
12964,3.304
12965,4.189
12966,5.075
12967,5.38
12968,5.297
12969,2.727
12970,4.106
12971,4.151
12972,4.288
12973,4.434
12974,2.905
12975,5.51
12976,5.376
12977,5.119
12978,2.578
12979,3.601
12980,4.517
12981,5.064
12982,4.773
12983,5.129
12984,5.105
12985,4.898
12986,5.202
12987,4.388
12988,4.489
12989,5.522
12990,4.865
12991,5.327
12992,3.448
12993,3.134
12994,4.536
12995,5.345
12996,3.53
12997,4.741
12998,5.305
12999,5.344
13000,3.897
13001,2.357
13002,3.011
13003,5.237
13004,4.925
13005,4.135
13006,4.55
13007,5.237
13008,3.144
13009,4.795
13010,5.242
13011,4.283
13012,3.365
13013,4.633
13014,3.577
13015,5.028
13016,5.075
13017,3.458
13018,5.521
13019,5.296
13020,4.462
13021,5.224
13022,5.509
13023,5.135
13024,5.478
13025,4.611
13026,3.648
13027,4.568
13028,5.039
13029,5.492
13030,5.062
13031,5.139
13032,4.626
13033,5.4
13034,1.437
13035,4.762
13036,5.561
13037,4.24
13038,5.38
13039,0.896
13040,4.184
13041,5.122
13042,4.747
13043,5.169
13044,5.637
13045,5.265
13046,5.127
13047,3.742
13048,4.473
13049,4.18
13050,5.185
13051,5.426
13052,5.069
13053,5.348
13054,4.699
13055,3.19
13056,4.699
13057,4.136
13058,4.028
13059,3.817
13060,5.369
13061,5.026
13062,5.223
13063,4.288
13064,5.512
13065,5.517
13066,3.991
13067,5.224
13068,5.216
13069,4.012
13070,5.499
13071,4.622
13072,2.374
13073,4.753
13074,5.057
13075,5.111
13076,5.317
13077,4.639
13078,5.305
13079,4.783
13080,3.416
13081,5.467
13082,5.136
13083,5.147
13084,5.297
13085,5.034
13086,5.026
13087,3.177
13088,5.215
13089,5.418
13090,5.413
13091,4.533
13092,5.287
13093,5.252
13094,5.096
13095,5.305
13096,4.964
13097,5.222
13098,4.865
13099,4.854
13100,4.782
13101,5.114
13102,5.039
13103,4.769
13104,5.306
13105,5.254
13106,5.252
13107,2.545
13108,4.173
13109,4.75
13110,5.12
13111,5.86
13112,5.361
13113,5.303
13114,5.153
13115,3.966
13116,5.386
13117,4.577
13118,5.022
13119,5.084
13120,2.961
13121,3.989
13122,4.445
13123,5.094
13124,4.082
13125,3.918
13126,2.04
13127,5.113
13128,5.352
13129,5.102
13130,5.026
13131,5.225
13132,5.003
13133,4.435
13134,3.565
13135,3.374
13136,4.821
13137,4.318
13138,5.067
13139,5.036
13140,4.555
13141,4.609
13142,5.315
13143,5.31
13144,5.391
13145,4.96
13146,5.16
13147,3.086
13148,5.128
13149,5.033
13150,2.662
13151,4.958
13152,4.367
13153,4.127
13154,4.031
13155,4.235
13156,2.883
13157,5.261
13158,5.385
13159,5.16
13160,3.179
13161,4.702
13162,4.416
13163,5.247
13164,1.279
13165,3.073
13166,5.115
13167,4.249
13168,5.165
13169,5.126
13170,5.331
13171,5.044
13172,3.633
13173,1.669
13174,5.177
13175,5.223
13176,4.357
13177,4.961
13178,4.749
13179,5.041
13180,5.077
13181,5.198
13182,4.631
13183,5.327
13184,5.017
13185,5.396
13186,4.736
13187,5.472
13188,5.179
13189,3.978
13190,4.473
13191,5.333
13192,4.261
13193,5.346
13194,4.159
13195,2.534
13196,3.877
13197,5.259
13198,5.439
13199,5.277
13200,4.152
13201,5.346
13202,5.272
13203,4.575
13204,2.749
13205,2.351
13206,3.799
13207,4.376
13208,3.147
13209,5.404
13210,5.092
13211,5.15
13212,4.883
13213,5.401
13214,3.716
13215,5.176
13216,4.724
13217,2.344
13218,4.026
13219,5.489
13220,5.167
13221,4.492
13222,3.152
13223,3.83
13224,5.183
13225,5.276
13226,5.356
13227,5.248
13228,5.095
13229,5.46
13230,5.235
13231,5.248
13232,4.345
13233,4.508
13234,5.525
13235,5.207
13236,4.333
13237,5.375
13238,4.628
13239,5.043
13240,5.264
13241,4.128
13242,5.175
13243,5.282
13244,5.302
13245,4.847
13246,4.927
13247,2.415
13248,4.563
13249,2.551
13250,5.26
13251,5.304
13252,5.131
13253,3.124
13254,2.797
13255,4.274
13256,4.412
13257,3.854
13258,5.513
13259,4.196
13260,5.16
13261,4.992
13262,5.193
13263,4.091
13264,4.223
13265,5.113
13266,5.224
13267,5.105
13268,5.354
13269,3.059
13270,4.235
13271,5.226
13272,3.042
13273,5.35
13274,3.381
13275,5.164
13276,5.269
13277,5.265
13278,4.943
13279,4.481
13280,4.582
13281,5.305
13282,5.072
13283,2.807
13284,3.972
13285,5.296
13286,4.728
13287,5.424
13288,2.787
13289,5.115
13290,5.384
13291,4.973
13292,4.098
13293,4.955
13294,4.21
13295,4.172
13296,4.811
13297,2.515
13298,5.131
13299,2.325
13300,3.242
13301,5.472
13302,5.604
13303,5.06
13304,4.899
13305,4.702
13306,3.831
13307,4.494
13308,5.344
13309,4.776
13310,4.533
13311,4.446
13312,5.362
13313,3.714
13314,5.535
13315,2.437
13316,5.425
13317,5.27
13318,5.504
13319,4.316
13320,3.198
13321,3.429
13322,2.62
13323,3.721
13324,5.213
13325,3.34
13326,4.269
13327,4.918
13328,4.523
13329,5.136
13330,2.213
13331,5.278
13332,4.324
13333,4.79
13334,5.053
13335,4.969
13336,4.552
13337,2.13
13338,5.064
13339,-0.157
13340,4.927
13341,3.966
13342,5.457
13343,2.806
13344,4.257
13345,3.614
13346,5.101
13347,5.436
13348,5.396
13349,5.422
13350,4.438
13351,5.44
13352,5.291
13353,4.971
13354,5.044
13355,4.793
13356,3.406
13357,3.33
13358,5.311
13359,5.341
13360,5.086
13361,3.722
13362,2.141
13363,4.685
13364,5.168
13365,4.858
13366,4.536
13367,5.286
13368,5.369
13369,5.298
13370,4.762
13371,5.246
13372,5.158
13373,4.975
13374,5.301
13375,5.538
13376,4.364
13377,5.272
13378,5.118
13379,4.433
13380,5.478
13381,4.55
13382,5.35
13383,5.035
13384,5.159
13385,3.408
13386,3.56
13387,5.158
13388,5.063
13389,3.966
13390,4.621
13391,5.26
13392,5.062
13393,5.044
13394,5.121
13395,5.102
13396,4.322
13397,2.361
13398,3.984
13399,5.235
13400,3.676
13401,4.715
13402,4.846
13403,5.392
13404,5.207
13405,1.468
13406,4.997
13407,2.891
13408,3.356
13409,5.434
13410,5.218
13411,2.824
13412,5.267
13413,5.338
13414,3.806
13415,5.225
13416,4.051
13417,5.191
13418,1.613
13419,4.96
13420,4.998
13421,5.084
13422,5.069
13423,4.964
13424,4.69
13425,2.591
13426,4.214
13427,5.167
13428,5.3
13429,4.92
13430,5.347
13431,4.29
13432,5.188
13433,4.305
13434,4.446
13435,4.992
13436,5.469
13437,3.147
13438,4.766
13439,2.439
13440,4.351
13441,5.385
13442,4.41
13443,4.956
13444,5.299
13445,4.786
13446,2.841
13447,4.679
13448,5.259
13449,5.23
13450,1.893
13451,3.886
13452,4.078
13453,5.312
13454,5.075
13455,5.294
13456,5.13
13457,4.457
13458,5.257
13459,5.406
13460,4.726
13461,5.379
13462,5.255
13463,5.341
13464,5.099
13465,4.251
13466,5.386
13467,5.41
13468,4.293
13469,3.285
13470,4.505
13471,5.26
13472,2.383
13473,4.924
13474,5.277
13475,4.752
13476,3.839
13477,4.369
13478,3.26
13479,5.11
13480,3.49
13481,5.333
13482,5.2
13483,4.821
13484,5.228
13485,5.35
13486,5.393
13487,5.781
13488,5.272
13489,4.126
13490,4.031
13491,4.302
13492,4.483
13493,2.418
13494,5.221
13495,4.412
13496,2.94
13497,4.641
13498,5.395
13499,5.337
13500,4.688
13501,5.077
13502,5.038
13503,5.254
13504,5.294
13505,4.877
13506,5.239
13507,5.205
13508,5.047
13509,5.423
13510,5.363
13511,5.487
13512,5.49
13513,3.347
13514,5.052
13515,2.062
13516,5.302
13517,4.338
13518,5.271
13519,4.998
13520,4.798
13521,4.543
13522,2.121
13523,4.428
13524,5.329
13525,4.977
13526,4.423
13527,4.774
13528,5.246
13529,5.287
13530,5.054
13531,5.225
13532,3.167
13533,4.665
13534,3.157
13535,5.09
13536,4.269
13537,5.338
13538,4.493
13539,4.128
13540,5.502
13541,5.519
13542,5.351
13543,5.319
13544,5.118
13545,5.262
13546,4.545
13547,5.323
13548,4.349
13549,3.604
13550,4.683
13551,5.145
13552,4.945
13553,4.859
13554,5.256
13555,4.962
13556,5.221
13557,5.482
13558,5.17
13559,5.259
13560,4.648
13561,5.237
13562,5.044
13563,4.677
13564,5.364
13565,3.204
13566,4.577
13567,4.953
13568,3.516
13569,5.461
13570,5.345
13571,3.787
13572,5.306
13573,4.804
13574,5.247
13575,5.06
13576,2.867
13577,5.199
13578,3.881
13579,5.354
13580,4.965
13581,2.222
13582,3.508
13583,5.128
13584,4.405
13585,5.367
13586,5.293
13587,3.123
13588,4.474
13589,4.617
13590,5.122
13591,4.628
13592,4.217
13593,4.421
13594,5.519
13595,5.119
13596,5.025
13597,5.103
13598,5.192
13599,4.904
13600,4.895
13601,4.834
13602,5.006
13603,2.191
13604,5.439
13605,5.054
13606,4.004
13607,5.261
13608,4.114
13609,4.547
13610,5.32
13611,4.365
13612,5.035
13613,5.279
13614,5.39
13615,5.225
13616,4.955
13617,5.312
13618,4.417
13619,5.388
13620,5.307
13621,4.744
13622,5.036
13623,4.003
13624,5.144
13625,2.94
13626,4.681
13627,5.517
13628,4.302
13629,3.989
13630,3.15
13631,4.235
13632,4.271
13633,5.283
13634,3.225
13635,4.459
13636,3.801
13637,4.991
13638,5.349
13639,4.678
13640,4.21
13641,4.572
13642,5.387
13643,5.111
13644,4.455
13645,5.248
13646,5.323
13647,5.181
13648,4.629
13649,3.498
13650,4.066
13651,5.367
13652,4.894
13653,5.292
13654,4.447
13655,4.891
13656,5.333
13657,5.227
13658,5.585
13659,4.617
13660,4.908
13661,5.375
13662,4.656
13663,5.244
13664,4.748
13665,4.424
13666,4.948
13667,3.674
13668,5.057
13669,5.029
13670,3.204
13671,4.497
13672,5.35
13673,5.276
13674,4.044
13675,5.23
13676,5.586
13677,5.309
13678,2.721
13679,5.61
13680,4.997
13681,4.872
13682,2.948
13683,5.125
13684,4.995
13685,4.077
13686,5.296
13687,5.354
13688,3.239
13689,4.158
13690,2.957
13691,4.879
13692,5.247
13693,5.201
13694,4.863
13695,4.15
13696,4.938
13697,4.699
13698,5.425
13699,3.713
13700,2.603
13701,4.129
13702,3.831
13703,4.754
13704,5.308
13705,4.427
13706,3.105
13707,4.31
13708,2.273
13709,3.795
13710,4.992
13711,5.108
13712,2.827
13713,5.498
13714,4.056
13715,4.542
13716,5.437
13717,5.296
13718,4.772
13719,4.19
13720,5.694
13721,4.959
13722,5.331
13723,5.538
13724,5.387
13725,3.098
13726,5.324
13727,4.534
13728,4.208
13729,4.976
13730,4.501
13731,3.161
13732,0.938
13733,4.433
13734,4.584
13735,4.978
13736,5.002
13737,4.602
13738,4.117
13739,5.329
13740,5.388
13741,5.136
13742,4.617
13743,4.737
13744,5.18
13745,5.194
13746,5.16
13747,4.081
13748,5.113
13749,5.218
13750,5.232
13751,5.301
13752,5.316
13753,5.398
13754,5.176
13755,4.979
13756,4.432
13757,4.245
13758,3.701
13759,4.151
13760,4.168
13761,5.34
13762,5.228
13763,4.486
13764,5.277
13765,5.145
13766,4.52
13767,2.763
13768,5.087
13769,5.084
13770,3.614
13771,4.483
13772,2.551
13773,3.635
13774,5.239
13775,3.993
13776,5.424
13777,4.572
13778,4.558
13779,3.363
13780,4.877
13781,4.939
13782,3.991
13783,4.223
13784,5.221
13785,5.176
13786,5.21
13787,5.115
13788,5.08
13789,5.024
13790,3.673
13791,4.384
13792,4.178
13793,3.733
13794,4.922
13795,5.072
13796,4.242
13797,5.094
13798,4.063
13799,2.49
13800,2.961
13801,5.242
13802,5.094
13803,4.374
13804,5.205
13805,4.775
13806,4.468
13807,5.007
13808,4.469
13809,5.463
13810,4.945
13811,5.348
13812,5.471
13813,4.123
13814,4.705
13815,2.264
13816,4.527
13817,4.083
13818,5
13819,3.519
13820,5.481
13821,4.689
13822,5.134
13823,5.136
13824,5.379
13825,5.031
13826,4.96
13827,5.347
13828,5.24
13829,5.222
13830,5.296
13831,5.24
13832,3.896
13833,5.095
13834,3.979
13835,5.138
13836,4.892
13837,4.792
13838,5.228
13839,2.998
13840,5.308
13841,5.027
13842,5.455
13843,4.125
13844,5.284
13845,2.613
13846,5.28
13847,4.548
13848,5.102
13849,4.712
13850,4.808
13851,3.747
13852,4.748
13853,5.115
13854,5.239
13855,3.882
13856,3.174
13857,5.444
13858,3.558
13859,2.775
13860,5.067
13861,4.45
13862,4
13863,2.781
13864,5.045
13865,5.607
13866,5.28
13867,4.503
13868,3.684
13869,5.032
13870,5.191
13871,5.251
13872,5.207
13873,5.411
13874,5.337
13875,5.173
13876,5.311
13877,5.068
13878,4.523
13879,4.468
13880,5.123
13881,2.357
13882,5.027
13883,3.463
13884,4.432
13885,3.868
13886,3.647
13887,5.158
13888,4.124
13889,5.485
13890,5.369
13891,4.775
13892,5.031
13893,5.219
13894,4.233
13895,4.384
13896,4.907
13897,4.728
13898,4.476
13899,4.59
13900,2.302
13901,5.206
13902,5.447
13903,5.185
13904,4.338
13905,3.229
13906,5.054
13907,6.037
13908,2.71
13909,2.447
13910,5.19
13911,5.196
13912,4.587
13913,4.99
13914,5.518
13915,4.935
13916,5.563
13917,3.899
13918,3.457
13919,4.44
13920,4.732
13921,4.822
13922,5.107
13923,3.809
13924,5.396
13925,4.801
13926,5.356
13927,5.213
13928,5.381
13929,5.196
13930,2.886
13931,3.163
13932,5.23
13933,5.346
13934,5.304
13935,4.704
13936,5.293
13937,4.731
13938,3.742
13939,4.355
13940,5.033
13941,3.255
13942,5.121
13943,5.018
13944,4.551
13945,3.841
13946,3.079
13947,5.362
13948,4.734
13949,3.557
13950,3.509
13951,5.188
13952,4.685
13953,4.285
13954,4.826
13955,3.152
13956,4.705
13957,2.697
13958,5.232
13959,5.432
13960,5.303
13961,5.224
13962,4.616
13963,4.295
13964,5.263
13965,5.246
13966,4.93
13967,4.919
13968,1.683
13969,5.045
13970,5.155
13971,5.435
13972,2.317
13973,5.321
13974,5.257
13975,5.176
13976,2.515
13977,5.202
13978,5.124
13979,5.211
13980,3.239
13981,4.69
13982,5.058
13983,3.642
13984,4.965
13985,4.868
13986,2.73
13987,3.059
13988,2.96
13989,4.531
13990,5.214
13991,5.03
13992,4.874
13993,4.984
13994,4.675
13995,5.584
13996,5.306
13997,2.385
13998,5.301
13999,4.341
14000,5.221
14001,4.956
14002,3.303
14003,5.242
14004,5.426
14005,4.619
14006,5.501
14007,3.182
14008,5.381
14009,5.374
14010,5.277
14011,5.387
14012,5.087
14013,5.337
14014,4.786
14015,3.994
14016,1.99
14017,4.39
14018,5.212
14019,3.761
14020,3.595
14021,4.482
14022,2.925
14023,4.508
14024,5.045
14025,5.362
14026,5.385
14027,3.347
14028,5.157
14029,4.855
14030,5.691
14031,4.98
14032,4.636
14033,5.237
14034,5.435
14035,4.129
14036,4.493
14037,4.863
14038,5.342
14039,4.049
14040,5.084
14041,5.248
14042,4.64
14043,4.624
14044,3.462
14045,2.956
14046,3.533
14047,3.923
14048,5.043
14049,5.25
14050,5.242
14051,5.219
14052,2.564
14053,4.907
14054,5.301
14055,4.273
14056,4.879
14057,5.247
14058,4.007
14059,4.443
14060,5.05
14061,4.9
14062,3.586
14063,5.516
14064,5.482
14065,4.951
14066,4.727
14067,5.404
14068,4.251
14069,4.911
14070,3.661
14071,3.122
14072,3.199
14073,2.772
14074,5.224
14075,5.006
14076,5.409
14077,5.311
14078,5.449
14079,5.174
14080,4.449
14081,4.974
14082,2.126
14083,5.365
14084,5.155
14085,4.884
14086,4.059
14087,5.23
14088,0.528
14089,5.323
14090,5.101
14091,4.03
14092,5.144
14093,4.414
14094,5.011
14095,4.405
14096,5.104
14097,3.274
14098,3.979
14099,5.386
14100,1.329
14101,5.128
14102,5.557
14103,5.251
14104,5.203
14105,3.794
14106,2.396
14107,4.798
14108,5.133
14109,5.287
14110,4.391
14111,4.075
14112,5.208
14113,5.305
14114,5.374
14115,2.532
14116,4.911
14117,5.502
14118,5.961
14119,3.041
14120,3.88
14121,5.056
14122,5.36
14123,2.135
14124,5.299
14125,5.197
14126,4.463
14127,4.521
14128,5.427
14129,5.095
14130,5.366
14131,4.863
14132,3.83
14133,5.24
14134,5.322
14135,4.284
14136,3.466
14137,5.283
14138,4.949
14139,5.502
14140,4.277
14141,5.243
14142,3.802
14143,4.483
14144,5.362
14145,2.865
14146,4.452
14147,5.064
14148,5.193
14149,4.95
14150,4.927
14151,4.137
14152,3.893
14153,4.585
14154,3.891
14155,1.54
14156,5.237
14157,4.705
14158,4.527
14159,4.648
14160,5.029
14161,5.273
14162,4.402
14163,5.398
14164,4.921
14165,4.178
14166,3.995
14167,5.413
14168,5.126
14169,2.935
14170,5.185
14171,5.301
14172,5.279
14173,5.257
14174,4.087
14175,3.275
14176,5.053
14177,3.374
14178,4.098
14179,4.237
14180,4.829
14181,4.582
14182,5.21
14183,5.267
14184,4.122
14185,4.518
14186,5.063
14187,5.249
14188,5.135
14189,4.007
14190,5.049
14191,5.117
14192,5.482
14193,5.425
14194,5.185
14195,2.735
14196,5.289
14197,5.291
14198,4.1
14199,5.157
14200,4.222
14201,5.406
14202,5.5
14203,5.188
14204,4.827
14205,5.289
14206,5.068
14207,5.293
14208,4.041
14209,4.444
14210,5.255
14211,4.989
14212,4.822
14213,5.523
14214,5.23
14215,4.505
14216,3.664
14217,3.156
14218,2.025
14219,5.351
14220,5.279
14221,5.039
14222,2.156
14223,4.987
14224,4.664
14225,5.581
14226,5.372
14227,5.316
14228,3.987
14229,4.727
14230,5.377
14231,4.999
14232,4.218
14233,5.411
14234,4.92
14235,5.436
14236,5.229
14237,4.758
14238,5.463
14239,5.124
14240,4.896
14241,5.27
14242,5.059
14243,4.851
14244,5.146
14245,3.751
14246,5.292
14247,5.136
14248,4.965
14249,5.303
14250,2.585
14251,5.194
14252,5.382
14253,4.215
14254,5.181
14255,3.556
14256,2.353
14257,5.156
14258,5.328
14259,5.149
14260,5.333
14261,4.964
14262,2.179
14263,5.232
14264,4.344
14265,5.531
14266,5.025
14267,4.927
14268,3.794
14269,4.725
14270,5.034
14271,5.422
14272,3.861
14273,4.098
14274,2.919
14275,5.247
14276,4.558
14277,3.802
14278,5.029
14279,5.001
14280,4.38
14281,5.334
14282,5.179
14283,2.442
14284,4.238
14285,5.294
14286,4.909
14287,4.282
14288,5.097
14289,4.895
14290,4.429
14291,4.053
14292,4.206
14293,5.653
14294,4.483
14295,4.894
14296,5.332
14297,4.729
14298,5.506
14299,3.465
14300,5.096
14301,5.049
14302,5.488
14303,1.164
14304,4.811
14305,3.901
14306,5.13
14307,5.627
14308,3.82
14309,3.324
14310,4.274
14311,4.416
14312,5.235
14313,5.261
14314,5.29
14315,4.835
14316,5.046
14317,4.476
14318,4.754
14319,3.218
14320,4.512
14321,3.176
14322,5.13
14323,4.992
14324,2.908
14325,3.454
14326,3.316
14327,3.329
14328,5.385
14329,5.32
14330,2.488
14331,5.438
14332,4.378
14333,5.326
14334,5.178
14335,5.404
14336,3.785
14337,4.436
14338,3.744
14339,2.836
14340,3.871
14341,5.32
14342,4.286
14343,5.408
14344,5.404
14345,5.062
14346,5.41
14347,4.356
14348,5.281
14349,4.671
14350,4.844
14351,2.543
14352,5.291
14353,5.531
14354,5.117
14355,4.915
14356,3.548
14357,4.121
14358,4.98
14359,5.255
14360,5.369
14361,4.708
14362,4.97
14363,5.359
14364,4.41
14365,5.362
14366,5.302
14367,5.316
14368,5.33
14369,4.679
14370,5.279
14371,4.914
14372,3.994
14373,5.338
14374,5.139
14375,4.654
14376,5.262
14377,3.576
14378,4.578
14379,4.615
14380,4.348
14381,5.141
14382,3.89
14383,4.602
14384,5.108
14385,2.79
14386,4.34
14387,4.763
14388,5.14
14389,4.03
14390,5.502
14391,5.39
14392,5.257
14393,4.314
14394,5.25
14395,4.948
14396,5.33
14397,5.277
14398,5.315
14399,3.127
14400,3.973
14401,5.625
14402,4.948
14403,5.248
14404,3.064
14405,4.863
14406,5.371
14407,4.961
14408,5.179
14409,5.009
14410,5.448
14411,5.455
14412,3.486
14413,4.932
14414,5.242
14415,5.149
14416,4.949
14417,4.788
14418,3.51
14419,4.212
14420,4.792
14421,5.257
14422,5.345
14423,4.624
14424,2.488
14425,3.009
14426,5.327
14427,1.818
14428,2.315
14429,3.831
14430,4.474
14431,3.504
14432,5.216
14433,4.37
14434,5.289
14435,5.37
14436,5.357
14437,3.4
14438,5.287
14439,5.279
14440,5.006
14441,5.333
14442,3.743
14443,5.06
14444,4.623
14445,2.806
14446,5.332
14447,4.963
14448,4.152
14449,5.293
14450,4.401
14451,5.394
14452,3.597
14453,4.796
14454,5.189
14455,3.365
14456,5.1
14457,5.046
14458,5.262
14459,5.358
14460,4.066
14461,4.992
14462,5.188
14463,4.065
14464,4.906
14465,5.282
14466,5.315
14467,5.299
14468,5.252
14469,5.058
14470,5.057
14471,3.222
14472,4.66
14473,5.166
14474,3.982
14475,5.272
14476,5.166
14477,5.288
14478,5.198
14479,4.483
14480,4.738
14481,4.288
14482,4.58
14483,5.256
14484,5.153
14485,5.128
14486,5.254
14487,3.283
14488,4.454
14489,4.306
14490,3.484
14491,2.932
14492,5.346
14493,4.865
14494,5.225
14495,4.399
14496,5.047
14497,3.856
14498,5.061
14499,5.255
14500,5.184
14501,4.447
14502,5.217
14503,5.077
14504,4.929
14505,4.031
14506,5.249
14507,5.428
14508,4.877
14509,5.158
14510,4.006
14511,5.539
14512,4.432
14513,3.21
14514,4.396
14515,4.618
14516,5.188
14517,3.39
14518,5.18
14519,3.981
14520,4.652
14521,4.213
14522,5.337
14523,3.647
14524,5.025
14525,5.026
14526,5.002
14527,4.165
14528,4.76
14529,5.267
14530,5.764
14531,5.443
14532,4.485
14533,4.69
14534,4.748
14535,2.951
14536,4.031
14537,5.294
14538,5.046
14539,5.447
14540,5.098
14541,5.512
14542,5.056
14543,5.084
14544,4.56
14545,3.811
14546,4.191
14547,3.177
14548,5.064
14549,5.19
14550,4.759
14551,4.124
14552,5.376
14553,5.224
14554,4.945
14555,5.209
14556,4.187
14557,4.035
14558,5.22
14559,4.544
14560,5.228
14561,4.235
14562,4.972
14563,5.481
14564,3.813
14565,5.126
14566,5.241
14567,5.277
14568,2.907
14569,5.427
14570,5.172
14571,5.256
14572,2.992
14573,4.794
14574,5.378
14575,3.124
14576,5.407
14577,4.837
14578,4.584
14579,5.312
14580,5.052
14581,5.451
14582,4.914
14583,4.399
14584,2.385
14585,5.35
14586,5.444
14587,5.395
14588,4.97
14589,5.117
14590,5.314
14591,5.181
14592,5.131
14593,4.489
14594,5.283
14595,4.596
14596,5.057
14597,4.696
14598,3.38
14599,4.659
14600,2.751
14601,3.197
14602,4.582
14603,4.344
14604,4.993
14605,5.379
14606,3.786
14607,4.163
14608,5.366
14609,5.507
14610,4.777
14611,3.884
14612,4.778
14613,3.799
14614,5.859
14615,5.254
14616,2.711
14617,3.236
14618,5.199
14619,5.229
14620,5.466
14621,4.303
14622,4.03
14623,5.16
14624,5.142
14625,5.469
14626,5.005
14627,3.914
14628,5.218
14629,4.44
14630,4.148
14631,3.939
14632,4.258
14633,5.505
14634,5.357
14635,5.149
14636,5.312
14637,4.356
14638,4.935
14639,5.185
14640,3.139
14641,5.315
14642,5.067
14643,5.076
14644,1.441
14645,4.455
14646,5.392
14647,4.898
14648,3.373
14649,2.817
14650,5.436
14651,4.096
14652,4.043
14653,4.927
14654,4.007
14655,4.778
14656,5.321
14657,5.411
14658,4.003
14659,4.779
14660,5.331
14661,3.19
14662,4.977
14663,5.105
14664,5.242
14665,4.94
14666,5.425
14667,5.061
14668,4.616
14669,5.021
14670,4.708
14671,5.117
14672,4.675
14673,4.476
14674,5.414
14675,5.079
14676,3.822
14677,2.345
14678,2.628
14679,5.091
14680,3.362
14681,4.055
14682,4.508
14683,4.339
14684,5.289
14685,4.744
14686,5.373
14687,1.414
14688,4.341
14689,2.742
14690,4.051
14691,3.983
14692,5.438
14693,5.556
14694,4.819
14695,4.289
14696,5.3
14697,5.053
14698,5.378
14699,2.259
14700,2.023
14701,4.845
14702,5.187
14703,4.394
14704,4.672
14705,2.314
14706,5.267
14707,5.436
14708,4.824
14709,5.288
14710,4.264
14711,4.995
14712,5.196
14713,3.995
14714,2.46
14715,3.109
14716,4.38
14717,4.931
14718,4.187
14719,5.347
14720,4.544
14721,4.322
14722,5.404
14723,3.848
14724,5.683
14725,3.161
14726,5.185
14727,3.834
14728,5.38
14729,4.766
14730,3.917
14731,4.886
14732,4.598
14733,4.622
14734,5.534
14735,4.997
14736,4.471
14737,5.139
14738,3.753
14739,5.297
14740,5.287
14741,2.682
14742,5.391
14743,4.297
14744,5.073
14745,2.404
14746,5.173
14747,4.674
14748,3.607
14749,4.716
14750,4.256
14751,2.527
14752,5.321
14753,4.866
14754,3.94
14755,5.238
14756,2.013
14757,5.296
14758,2.878
14759,5.368
14760,4.482
14761,4.612
14762,4.766
14763,4.968
14764,4.476
14765,5.16
14766,5.139
14767,5.357
14768,5.091
14769,5.396
14770,5.235
14771,5.295
14772,5.243
14773,4.706
14774,5.261
14775,5.807
14776,5.064
14777,3.599
14778,5.321
14779,5.404
14780,4.563
14781,5.193
14782,5.248
14783,4.591
14784,4.21
14785,5.427
14786,5.236
14787,5.079
14788,5.156
14789,4.785
14790,5.03
14791,5.506
14792,5.053
14793,5.059
14794,3.542
14795,4.269
14796,4.037
14797,4.288
14798,4.343
14799,4.727
14800,5.321
14801,3.001
14802,5.392
14803,5.175
14804,5.182
14805,4.622
14806,4.261
14807,5.12
14808,4.526
14809,5.249
14810,4.884
14811,3.683
14812,4.862
14813,5.218
14814,4.899
14815,5.388
14816,5.246
14817,5.131
14818,5.28
14819,5.353
14820,5.205
14821,4.501
14822,4.37
14823,4.346
14824,5.464
14825,4.676
14826,4.904
14827,3.663
14828,4.932
14829,5.327
14830,5.316
14831,5.336
14832,4.865
14833,5.261
14834,5.37
14835,3.226
14836,5.361
14837,5.281
14838,5.209
14839,5.116
14840,4.716
14841,5.192
14842,5.273
14843,5.452
14844,4.844
14845,2.912
14846,3.999
14847,5.242
14848,5.45
14849,2.672
14850,5.392
14851,5.309
14852,4.901
14853,5.253
14854,4.579
14855,5.294
14856,5.351
14857,5.06
14858,5.362
14859,4.37
14860,5.224
14861,3.805
14862,5.402
14863,5.266
14864,5.123
14865,3.115
14866,4.34
14867,3.184
14868,5.322
14869,3.209
14870,5.288
14871,4.213
14872,5.404
14873,4.368
14874,4.666
14875,5.37
14876,5.315
14877,5.437
14878,2.39
14879,5.273
14880,4.836
14881,5.482
14882,5.164
14883,5.324
14884,5.121
14885,4.912
14886,5.455
14887,4.573
14888,4.246
14889,5.282
14890,5.35
14891,5.445
14892,3.493
14893,5.243
14894,5.127
14895,5.494
14896,5.434
14897,4.351
14898,5.167
14899,4.883
14900,4.235
14901,4.304
14902,5.462
14903,4.664
14904,5.274
14905,5.322
14906,4.423
14907,3.928
14908,4.958
14909,5.096
14910,4.94
14911,4.469
14912,3.866
14913,5.251
14914,4.369
14915,5.089
14916,2.985
14917,5.354
14918,5.235
14919,5.31
14920,4.138
14921,4.161
14922,4.739
14923,5.294
14924,4.335
14925,4.994
14926,3.705
14927,3.867
14928,4.788
14929,4.614
14930,4.547
14931,2.097
14932,5.086
14933,5.22
14934,5.086
14935,4.961
14936,5.258
14937,5.533
14938,5.162
14939,3.228
14940,4.943
14941,4.544
14942,5.297
14943,5.085
14944,4.569
14945,4.538
14946,4.701
14947,4.612
14948,5.201
14949,3.633
14950,5.016
14951,2.257
14952,5.07
14953,5.276
14954,4.871
14955,5.403
14956,2.315
14957,5.126
14958,4.907
14959,5.306
14960,4.086
14961,5.369
14962,4.761
14963,4.697
14964,3.911
14965,4.007
14966,3.828
14967,5.067
14968,4.42
14969,4.405
14970,5.288
14971,5.109
14972,5.077
14973,2.335
14974,3.424
14975,4.398
14976,4.176
14977,0.879
14978,4.241
14979,5.259
14980,5.325
14981,4.337
14982,2.38
14983,4.765
14984,5.133
14985,5.044
14986,5.132
14987,5.243
14988,5.438
14989,4.485
14990,4.308
14991,5.217
14992,5.699
14993,5.075
14994,4.074
14995,4.285
14996,4.892
14997,3.78
14998,5.498
14999,5.469
15000,5.392
15001,5.261
15002,5.403
15003,5.267
15004,5.011
15005,4.363
15006,5.571
15007,5.017
15008,5.165
15009,5.035
15010,5.222
15011,4.7
15012,4.785
15013,4.514
15014,5.571
15015,2.98
15016,5.568
15017,5.205
15018,3.514
15019,5.236
15020,5.624
15021,4.932
15022,4.51
15023,2.286
15024,5.27
15025,4.451
15026,4.6
15027,5.388
15028,5.034
15029,5.269
15030,4.246
15031,4.866
15032,5.46
15033,5.614
15034,3.055
15035,5.205
15036,4.477
15037,5.179
15038,4.559
15039,5.296
15040,4.906
15041,5.145
15042,3.3
15043,4.9
15044,4.928
15045,4.846
15046,5.059
15047,5.209
15048,5.219
15049,4.754
15050,2.276
15051,3.159
15052,4.662
15053,4.528
15054,5.297
15055,5.04
15056,5.181
15057,3.122
15058,5.391
15059,5.371
15060,5.454
15061,5.061
15062,5.083
15063,5.184
15064,2.219
15065,1.768
15066,5.044
15067,4.728
15068,4.092
15069,5.398
15070,4.464
15071,5.223
15072,5.239
15073,4.349
15074,5.328
15075,5.262
15076,4.871
15077,5.368
15078,5.12
15079,4.85
15080,3.667
15081,4.479
15082,4.594
15083,3.21
15084,4.901
15085,4.97
15086,3.686
15087,4.47
15088,5.245
15089,4.707
15090,4.885
15091,5.273
15092,5.226
15093,5.315
15094,5.269
15095,5.379
15096,4.15
15097,4.337
15098,5.346
15099,5.049
15100,5.348
15101,5.566
15102,5.385
15103,5.237
15104,3.109
15105,5.027
15106,5.275
15107,4.592
15108,5.227
15109,4.94
15110,2.293
15111,5.262
15112,4.89
15113,5.331
15114,5.237
15115,4.496
15116,3.089
15117,5.215
15118,4.428
15119,5.263
15120,4.293
15121,5.44
15122,5.066
15123,3.805
15124,5.284
15125,5.442
15126,5.13
15127,4.854
15128,4.77
15129,4.287
15130,3.906
15131,4.468
15132,5.443
15133,5.202
15134,5.306
15135,4.578
15136,2.657
15137,4.978
15138,4.996
15139,5.043
15140,5.247
15141,4.528
15142,5.277
15143,5.317
15144,4.75
15145,5.152
15146,5.315
15147,5.255
15148,4.574
15149,4.647
15150,5.283
15151,5.283
15152,3.822
15153,5.24
15154,4.92
15155,2.429
15156,4.885
15157,5.126
15158,5.521
15159,4.811
15160,3.71
15161,5.297
15162,4.871
15163,5.329
15164,3.934
15165,5.235
15166,5.242
15167,5.415
15168,5.281
15169,5.267
15170,5.2
15171,4.8
15172,5.22
15173,4.455
15174,5.136
15175,4.908
15176,2.085
15177,4.16
15178,5.324
15179,5.333
15180,4.777
15181,4.791
15182,4.932
15183,5.426
15184,4.281
15185,5.315
15186,5.029
15187,2.495
15188,4.447
15189,5.305
15190,5.119
15191,5.259
15192,5.303
15193,5.219
15194,4.797
15195,5.161
15196,5.331
15197,3.227
15198,4.964
15199,4.185
15200,4.527
15201,2.835
15202,4.831
15203,4.891
15204,4.328
15205,4.512
15206,4.413
15207,4.074
15208,2.059
15209,5.379
15210,5.243
15211,5.04
15212,2.886
15213,4.862
15214,4.319
15215,5.262
15216,4.997
15217,4.031
15218,4.841
15219,5.354
15220,2.642
15221,4.422
15222,5.246
15223,5.245
15224,3.556
15225,4.845
15226,3.67
15227,4.767
15228,5.392
15229,4.164
15230,4.521
15231,3.547
15232,4.974
15233,4.926
15234,5.044
15235,5.209
15236,4.735
15237,5.771
15238,5.493
15239,3.837
15240,4.141
15241,5.484
15242,4.856
15243,4.085
15244,4.365
15245,4.308
15246,5.32
15247,5.414
15248,5.233
15249,5.158
15250,4.572
15251,4.197
15252,5.493
15253,5.199
15254,5.087
15255,4.303
15256,5.129
15257,2.426
15258,5.015
15259,2.764
15260,4.127
15261,5.114
15262,4.932
15263,4.036
15264,5.06
15265,5.01
15266,3.122
15267,5.244
15268,4.982
15269,5.268
15270,5.165
15271,4.99
15272,4.048
15273,4.22
15274,4.172
15275,5.186
15276,4.257
15277,4.736
15278,5.22
15279,5.444
15280,3.43
15281,5.237
15282,5.198
15283,1.565
15284,4.429
15285,2.442
15286,4.481
15287,3.93
15288,5.25
15289,5.01
15290,4.345
15291,5.42
15292,4.042
15293,5.405
15294,5.334
15295,5.293
15296,5.136
15297,5.253
15298,4.972
15299,3.453
15300,3.475
15301,5.258
15302,4.859
15303,5.626
15304,5.233
15305,5.142
15306,5.149
15307,4.618
15308,5.012
15309,5.358
15310,5.751
15311,4.325
15312,4.674
15313,2.546
15314,4.949
15315,5.134
15316,5.246
15317,5.288
15318,4.859
15319,5.42
15320,4.506
15321,5.214
15322,4.963
15323,4.88
15324,4.217
15325,5.516
15326,3.444
15327,4.967
15328,4.229
15329,5.272
15330,5.033
15331,5.191
15332,5.66
15333,5.213
15334,4.439
15335,3.606
15336,4.517
15337,5.523
15338,4.779
15339,5.212
15340,4.873
15341,4.047
15342,4.353
15343,4.072
15344,4.339
15345,4.856
15346,4.743
15347,5.462
15348,4.152
15349,3.092
15350,4.907
15351,5.025
15352,5.201
15353,4.833
15354,3.879
15355,5.343
15356,4.15
15357,3.957
15358,5.436
15359,5.443
15360,4.768
15361,4.909
15362,4.698
15363,5.069
15364,5.021
15365,4.123
15366,4.362
15367,4.201
15368,5.661
15369,5.417
15370,5.13
15371,5.586
15372,5.153
15373,3.933
15374,5.438
15375,2.914
15376,5.359
15377,5.694
15378,4.112
15379,5.174
15380,5.332
15381,3.023
15382,4.816
15383,5.301
15384,5.196
15385,5.245
15386,5.368
15387,3.145
15388,5.11
15389,5.086
15390,4.499
15391,3.792
15392,5.475
15393,5.23
15394,5.06
15395,4.19
15396,5.311
15397,4.029
15398,4.425
15399,4.095
15400,5.167
15401,5.351
15402,4.834
15403,5.588
15404,4.213
15405,5.208
15406,5.274
15407,4.271
15408,2.938
15409,4.706
15410,5.157
15411,4.819
15412,5.391
15413,4.52
15414,3.382
15415,5.282
15416,4.489
15417,2.213
15418,5.384
15419,5.269
15420,4.553
15421,5.753
15422,5.286
15423,2.549
15424,5.146
15425,2.947
15426,5.138
15427,5.223
15428,5.37
15429,5.285
15430,4.983
15431,3.726
15432,4.507
15433,5.207
15434,5.223
15435,4.191
15436,3.143
15437,4.959
15438,5.423
15439,4.793
15440,3.232
15441,4.547
15442,4.697
15443,5.383
15444,3.042
15445,5.369
15446,4.608
15447,4.656
15448,5.091
15449,3.728
15450,0.59
15451,5.093
15452,5.056
15453,5.507
15454,4.91
15455,3.074
15456,5.036
15457,3.501
15458,5.264
15459,4.864
15460,4.816
15461,3.74
15462,5.364
15463,5.465
15464,4.394
15465,4.271
15466,5.451
15467,5.229
15468,4.248
15469,5.436
15470,5.438
15471,3.542
15472,5.371
15473,4.537
15474,4.096
15475,4.877
15476,4.421
15477,5.086
15478,3.582
15479,5.04
15480,5.017
15481,5.159
15482,5.253
15483,5.213
15484,5.389
15485,3.286
15486,4.223
15487,4.356
15488,5.279
15489,5.133
15490,4.373
15491,4.807
15492,5.121
15493,5.306
15494,5.259
15495,5.387
15496,5.425
15497,3.434
15498,4.947
15499,5.148
15500,4.989
15501,5.003
15502,4.132
15503,5.487
15504,5.282
15505,5.123
15506,5.479
15507,3.668
15508,4.852
15509,5.293
15510,4.153
15511,4.841
15512,5.366
15513,5.182
15514,5.042
15515,5.298
15516,4.812
15517,5.016
15518,5.416
15519,5.097
15520,5.448
15521,5.348
15522,4.579
15523,5.326
15524,4.959
15525,3.993
15526,5.41
15527,5.284
15528,5.056
15529,1.702
15530,3.984
15531,5.209
15532,4.629
15533,5.435
15534,4.228
15535,5.335
15536,5.278
15537,5.269
15538,4.038
15539,4.904
15540,4.46
15541,4.556
15542,4.903
15543,3.397
15544,2.049
15545,5.125
15546,5.477
15547,4.367
15548,5.254
15549,4.053
15550,4.895
15551,3.864
15552,5.354
15553,5.091
15554,5.061
15555,5.243
15556,3.432
15557,4.714
15558,5.373
15559,4.97
15560,4.254
15561,4.589
15562,4.683
15563,5.105
15564,5.425
15565,5.149
15566,5.313
15567,5.124
15568,5.291
15569,5.055
15570,5.234
15571,4.77
15572,4.303
15573,4.169
15574,4.953
15575,5.391
15576,5.396
15577,5.495
15578,4.805
15579,4.28
15580,5.145
15581,5.328
15582,5.209
15583,5.34
15584,4.287
15585,5.442
15586,4.612
15587,5.409
15588,4.926
15589,4.385
15590,4.041
15591,4.359
15592,5.356
15593,5.233
15594,4.85
15595,3.119
15596,3.782
15597,5.333
15598,5.186
15599,5.085
15600,4.985
15601,5.122
15602,4.019
15603,3.006
15604,3.823
15605,5.304
15606,5.412
15607,4.471
15608,5.339
15609,4.921
15610,5.314
15611,5.292
15612,4.593
15613,5.014
15614,4.303
15615,1.65
15616,5.362
15617,5.16
15618,5.089
15619,5.11
15620,5.244
15621,3.369
15622,4.839
15623,0.887
15624,4.952
15625,5.055
15626,5.272
15627,3.753
15628,5.106
15629,5.392
15630,5.53
15631,4.497
15632,2.074
15633,4.356
15634,4.929
15635,4.641
15636,4.439
15637,3.984
15638,5.417
15639,4.741
15640,5.559
15641,4.832
15642,5.128
15643,5.317
15644,4.749
15645,5.513
15646,5.573
15647,5.229
15648,5.116
15649,4.802
15650,5.17
15651,4.682
15652,5.301
15653,4.943
15654,4.152
15655,3.369
15656,5.222
15657,5.321
15658,4.34
15659,5.112
15660,5.379
15661,4.719
15662,4.163
15663,4.654
15664,5.17
15665,3.627
15666,5.538
15667,4.805
15668,5.042
15669,4.114
15670,2.864
15671,5.243
15672,4.418
15673,4.642
15674,3.054
15675,5.291
15676,5.221
15677,4.573
15678,5.158
15679,5.284
15680,5.044
15681,4.278
15682,4.727
15683,5.078
15684,4.522
15685,5.232
15686,5.318
15687,4.063
15688,2.822
15689,5.17
15690,5.434
15691,4.683
15692,5.013
15693,2.86
15694,4.111
15695,4.752
15696,5.352
15697,5.292
15698,4.576
15699,4.248
15700,5.213
15701,3.302
15702,3.789
15703,5.398
15704,5.176
15705,4.524
15706,4.774
15707,5.359
15708,4.864
15709,4.558
15710,5.066
15711,5.35
15712,4.765
15713,5.086
15714,4.529
15715,5.269
15716,5.051
15717,4.616
15718,5.333
15719,5.345
15720,5.043
15721,5.063
15722,3.983
15723,5.39
15724,2.935
15725,4.565
15726,5.297
15727,3.647
15728,5.389
15729,5.16
15730,5.271
15731,5.085
15732,5.299
15733,5.188
15734,3.573
15735,5.618
15736,5.245
15737,4.446
15738,5.26
15739,4.678
15740,4.67
15741,3.052
15742,4.692
15743,5.041
15744,5.333
15745,4.188
15746,4.159
15747,5.279
15748,4.612
15749,5.154
15750,5.279
15751,4.851
15752,4.471
15753,4.614
15754,4.28
15755,5.416
15756,5.29
15757,2.844
15758,5.052
15759,4.2
15760,3.859
15761,5.375
15762,3.123
15763,3.405
15764,5.214
15765,5.212
15766,4.172
15767,5.285
15768,4.99
15769,5.238
15770,5.256
15771,3.209
15772,5.236
15773,4.312
15774,4.173
15775,3.179
15776,4.732
15777,4.122
15778,2.491
15779,4.443
15780,5.321
15781,5.099
15782,5.344
15783,5.203
15784,4.199
15785,4.895
15786,5.146
15787,4.603
15788,3.218
15789,3.709
15790,3.004
15791,5.227
15792,5.189
15793,4.831
15794,2.652
15795,4.571
15796,4.472
15797,5.302
15798,5.476
15799,4.318
15800,3.626
15801,5.283
15802,5.351
15803,5.109
15804,3.609
15805,5.279
15806,4.439
15807,5.288
15808,5.545
15809,5.366
15810,4.639
15811,5.094
15812,3.293
15813,4.732
15814,5.342
15815,3.617
15816,2.899
15817,5.175
15818,5.475
15819,5.011
15820,3.723
15821,4.24
15822,4.32
15823,2.543
15824,4.303
15825,4.579
15826,5.37
15827,5.339
15828,5.104
15829,3.877
15830,4.985
15831,4.927
15832,5.091
15833,4.649
15834,3.963
15835,5.416
15836,5.036
15837,5.333
15838,4.826
15839,5.407
15840,5.555
15841,4.738
15842,3.443
15843,4.954
15844,5.276
15845,3.543
15846,5.033
15847,3.433
15848,3.412
15849,4.814
15850,5.082
15851,5.347
15852,4.993
15853,5.19
15854,4.127
15855,5.02
15856,4.458
15857,3.249
15858,5.467
15859,4.854
15860,4.71
15861,4.995
15862,4.961
15863,5.023
15864,5.192
15865,5.294
15866,5.307
15867,4.771
15868,5.454
15869,4.842
15870,4.753
15871,2.812
15872,5.255
15873,5.065
15874,3.266
15875,5.313
15876,5.249
15877,3.714
15878,4.273
15879,2.517
15880,4.14
15881,4.329
15882,5.307
15883,4.774
15884,5.287
15885,5.484
15886,5.172
15887,5.321
15888,5.248
15889,4.353
15890,4.392
15891,5.098
15892,5.225
15893,4.415
15894,4.951
15895,3.177
15896,5.32
15897,5.149
15898,4.808
15899,4.462
15900,5.203
15901,5.421
15902,4.891
15903,4.329
15904,2.974
15905,5.127
15906,5.383
15907,5.272
15908,5.24
15909,5.226
15910,4.627
15911,5.343
15912,4.65
15913,4.87
15914,2.714
15915,4.326
15916,4.488
15917,2.199
15918,3.581
15919,4.492
15920,4.694
15921,5.02
15922,5.113
15923,5.194
15924,4.113
15925,3.705
15926,1.689
15927,5.279
15928,4.37
15929,3.792
15930,5.072
15931,5.283
15932,4.299
15933,5.307
15934,2.387
15935,3.597
15936,2.069
15937,5.381
15938,5.264
15939,5.174
15940,4.086
15941,3.151
15942,5.288
15943,4.807
15944,5.078
15945,4.673
15946,5.518
15947,5.261
15948,4.241
15949,5.02
15950,3.164
15951,3.686
15952,4.665
15953,5.03
15954,5.077
15955,2.783
15956,5.42
15957,4.376
15958,5.141
15959,4.424
15960,5.107
15961,3.578
15962,5.408
15963,5.394
15964,4.531
15965,4.835
15966,3.621
15967,5.317
15968,5.015
15969,5.219
15970,5.424
15971,5.275
15972,4.751
15973,3.213
15974,5.155
15975,4.403
15976,5.622
15977,5.146
15978,5.089
15979,5.233
15980,4.375
15981,5.29
15982,5.324
15983,4.646
15984,5.399
15985,5.251
15986,1.152
15987,4.145
15988,4.446
15989,5.367
15990,4.883
15991,5.276
15992,4.363
15993,3.506
15994,5.311
15995,4.846
15996,2.415
15997,4.981
15998,5.275
15999,5.392
16000,5.193
16001,4.893
16002,5.234
16003,4.552
16004,4.627
16005,5.109
16006,4.664
16007,4.514
16008,5.427
16009,4.731
16010,2.691
16011,4.989
16012,3.211
16013,5.227
16014,5.255
16015,5.44
16016,4.61
16017,4.659
16018,5.158
16019,2.575
16020,5.061
16021,5.304
16022,4.594
16023,5.254
16024,5.515
16025,2.79
16026,4.191
16027,5.723
16028,4.662
16029,3.396
16030,2.548
16031,5.48
16032,4.32
16033,3.004
16034,5.45
16035,5.232
16036,5.087
16037,5.302
16038,5.126
16039,5.351
16040,5.321
16041,4.067
16042,5.3
16043,5.565
16044,4.94
16045,5.227
16046,5.352
16047,5.291
16048,3.044
16049,5.092
16050,2.318
16051,4.828
16052,2.844
16053,5.287
16054,3.972
16055,2.988
16056,5.329
16057,5.386
16058,5.391
16059,2.157
16060,3.744
16061,5.335
16062,1.653
16063,3.005
16064,5.306
16065,5.304
16066,5.196
16067,5.051
16068,4.425
16069,3.035
16070,5.254
16071,5.745
16072,4.938
16073,5.909
16074,2.824
16075,4.57
16076,4.971
16077,5.392
16078,3.842
16079,4.87
16080,5.311
16081,4.641
16082,4.787
16083,3.508
16084,2.216
16085,4.406
16086,4.67
16087,3.535
16088,4.138
16089,4.9
16090,4.754
16091,5.112
16092,4.202
16093,5.418
16094,2.711
16095,5.546
16096,5.313
16097,4.041
16098,4.872
16099,2.28
16100,3.647
16101,3.734
16102,3.173
16103,5.453
16104,5.256
16105,5.38
16106,4.707
16107,5.154
16108,4.528
16109,5.174
16110,5.471
16111,4.718
16112,5.506
16113,5.235
16114,3.631
16115,4.641
16116,5.252
16117,5.028
16118,4.682
16119,4.635
16120,5.21
16121,5.488
16122,5.051
16123,4.832
16124,4.79
16125,4.735
16126,2.82
16127,4.267
16128,4.652
16129,5.015
16130,4.707
16131,5.396
16132,4.67
16133,5.167
16134,4.726
16135,5.337
16136,5.208
16137,4.104
16138,5.241
16139,5.209
16140,5.172
16141,3.228
16142,5.453
16143,4.894
16144,3.505
16145,5.236
16146,5.41
16147,4.981
16148,5.246
16149,3.371
16150,4.638
16151,4.48
16152,4.728
16153,2.161
16154,2.144
16155,4.765
16156,4.03
16157,5.281
16158,5.013
16159,4.992
16160,5.109
16161,5.059
16162,4.746
16163,4.537
16164,3.17
16165,5.471
16166,5.407
16167,5.294
16168,4.544
16169,3.098
16170,5.319
16171,3.628
16172,5.334
16173,4.906
16174,5.238
16175,5.239
16176,4.207
16177,4.983
16178,2.591
16179,2.514
16180,4.981
16181,5.503
16182,5.335
16183,4.931
16184,5.21
16185,4.859
16186,4.699
16187,4.888
16188,4.12
16189,5.265
16190,5.076
16191,4.813
16192,5.189
16193,5.107
16194,5.343
16195,5.049
16196,5.342
16197,5.183
16198,5.327
16199,4.711
16200,5.141
16201,4.906
16202,5.036
16203,4.755
16204,3.569
16205,4.116
16206,5.493
16207,3.572
16208,4.793
16209,5.046
16210,2.419
16211,5.164
16212,5.404
16213,4.629
16214,5.384
16215,5.537
16216,5.256
16217,5.256
16218,4.361
16219,5.08
16220,5.077
16221,4.878
16222,2.83
16223,4.831
16224,5.411
16225,5.288
16226,5.286
16227,4.523
16228,5.274
16229,5.226
16230,4.722
16231,2.659
16232,5.153
16233,5.257
16234,5.3
16235,4.944
16236,3.611
16237,4.995
16238,5.147
16239,5.314
16240,5.373
16241,4.425
16242,4.993
16243,5.502
16244,4.745
16245,3.648
16246,5.271
16247,4.647
16248,3.575
16249,5.155
16250,2.687
16251,3.019
16252,5.608
16253,4.947
16254,4.844
16255,4.718
16256,2.886
16257,3.072
16258,4.415
16259,4.287
16260,5.554
16261,5.254
16262,4.647
16263,3.322
16264,4.694
16265,5.304
16266,3.396
16267,3.034
16268,4.331
16269,4.549
16270,4.721
16271,4.319
16272,5.101
16273,5.3
16274,4.933
16275,4.978
16276,4.892
16277,5.05
16278,4.812
16279,3.139
16280,1.489
16281,5.216
16282,5.351
16283,5.305
16284,3.826
16285,4.472
16286,5.53
16287,2.136
16288,5.293
16289,5.018
16290,3.102
16291,5.233
16292,5.426
16293,3.824
16294,4.66
16295,5.148
16296,5.158
16297,3.442
16298,5.305
16299,5.172
16300,3.555
16301,4.522
16302,5.445
16303,4.504
16304,2.428
16305,2.43
16306,5.399
16307,2.493
16308,5.225
16309,4.252
16310,5.1
16311,5.257
16312,5.279
16313,4.867
16314,1.517
16315,4.563
16316,3.978
16317,5.094
16318,5.402
16319,4.184
16320,5.451
16321,4.994
16322,4.938
16323,5.245
16324,5.156
16325,5.421
16326,2.636
16327,3.342
16328,5.22
16329,5.189
16330,5.227
16331,4.934
16332,5.105
16333,4.354
16334,4.508
16335,4.721
16336,5.151
16337,5.479
16338,5.198
16339,4.865
16340,5.193
16341,5.364
16342,5.346
16343,5.338
16344,4.706
16345,5.152
16346,5.291
16347,5.14
16348,2.819
16349,3.108
16350,3.55
16351,4.999
16352,4.672
16353,4.821
16354,5.304
16355,3.14
16356,5.291
16357,1.173
16358,4.516
16359,5.399
16360,4.782
16361,5.561
16362,5.029
16363,4.783
16364,4.924
16365,5.15
16366,3.958
16367,3.836
16368,5.336
16369,2.966
16370,5.275
16371,4.415
16372,5.179
16373,2.006
16374,4.575
16375,4.755
16376,5.016
16377,5.054
16378,5.064
16379,5.167
16380,5.785
16381,5.38
16382,4.78
16383,4.105
16384,4.459
16385,4.918
16386,4.951
16387,5.396
16388,4.404
16389,2.936
16390,5.456
16391,4.011
16392,4.991
16393,5.333
16394,3.061
16395,3.666
16396,5.415
16397,4.369
16398,3.702
16399,5.119
16400,3.729
16401,5.274
16402,5.282
16403,5.328
16404,3.838
16405,5.247
16406,3.462
16407,5.354
16408,5.1
16409,5.288
16410,5.095
16411,5.235
16412,4.504
16413,4.557
16414,5.373
16415,5.29
16416,5.115
16417,4.922
16418,4.908
16419,5.552
16420,5.292
16421,4.939
16422,5.088
16423,5.587
16424,5.18
16425,3.502
16426,4.334
16427,5.339
16428,4.46
16429,3.988
16430,5.248
16431,4.538
16432,5.062
16433,5.101
16434,5.021
16435,2.216
16436,2.532
16437,5.195
16438,5.377
16439,5.169
16440,5.246
16441,2.093
16442,4.941
16443,3.541
16444,4.363
16445,5.43
16446,3.431
16447,5.016
16448,5.118
16449,4.131
16450,3.387
16451,2.824
16452,5.11
16453,3.922
16454,5.025
16455,3.947
16456,4.377
16457,4.954
16458,5.323
16459,3.305
16460,5.169
16461,4.829
16462,3.63
16463,5.138
16464,5.776
16465,5.293
16466,4.483
16467,5.22
16468,4.423
16469,2.513
16470,2.82
16471,4.871
16472,5.263
16473,4.746
16474,3.224
16475,4.053
16476,4.93
16477,5.319
16478,5.15
16479,5.175
16480,2.425
16481,2.583
16482,5.347
16483,4.887
16484,5.438
16485,5.258
16486,5.02
16487,4.632
16488,5.226
16489,5.248
16490,1.841
16491,5.438
16492,5.052
16493,4.558
16494,5.141
16495,4.215
16496,2.957
16497,4.257
16498,4.342
16499,5.115
16500,4.26
16501,5.279
16502,4.367
16503,4.525
16504,4.336
16505,5.338
16506,5.206
16507,5.222
16508,5.284
16509,5.463
16510,5.525
16511,4.456
16512,5.206
16513,4.099
16514,5.523
16515,2.95
16516,3.796
16517,5.231
16518,5.374
16519,4.856
16520,4.696
16521,3.987
16522,5.349
16523,5.277
16524,5.277
16525,4.577
16526,4.966
16527,5.344
16528,2.631
16529,5.032
16530,4.405
16531,5.04
16532,3.752
16533,5.307
16534,5.467
16535,4.063
16536,4.397
16537,5.448
16538,5.496
16539,5.533
16540,5.107
16541,5.479
16542,5.188
16543,3.867
16544,5.411
16545,4.345
16546,4.496
16547,4.685
16548,5.307
16549,5.124
16550,5.268
16551,2.824
16552,5.389
16553,5.193
16554,5.346
16555,3.195
16556,4.167
16557,3.128
16558,4.98
16559,2.197
16560,3.67
16561,3.544
16562,4.421
16563,4.479
16564,5.382
16565,4.943
16566,4.599
16567,5.179
16568,3.678
16569,3.063
16570,5.429
16571,5.348
16572,4.459
16573,5.187
16574,9.335
16575,5.161
16576,5.236
16577,5.241
16578,4.252
16579,3.566
16580,3.953
16581,4.262
16582,4.875
16583,4.271
16584,4.343
16585,4.929
16586,4.84
16587,4.964
16588,5.188
16589,4.528
16590,5.173
16591,4.874
16592,4.366
16593,5.602
16594,4.442
16595,4.014
16596,4.316
16597,2.353
16598,5.2
16599,5.555
16600,2.397
16601,4.424
16602,4.974
16603,5.396
16604,4.875
16605,5.033
16606,5.131
16607,5.194
16608,5.239
16609,4.351
16610,4.93
16611,5.394
16612,4.003
16613,5.302
16614,3.179
16615,1.063
16616,5.223
16617,4.566
16618,5.206
16619,3.804
16620,3.592
16621,4.958
16622,5.384
16623,4.972
16624,5.013
16625,4.857
16626,4.399
16627,5.252
16628,4.514
16629,5.515
16630,4.609
16631,4.247
16632,3.978
16633,2.763
16634,5.185
16635,4.985
16636,5.106
16637,5.164
16638,5.064
16639,4.956
16640,3.143
16641,4.954
16642,5.419
16643,4.446
16644,4.696
16645,4.903
16646,5.347
16647,5.548
16648,4.358
16649,2.221
16650,4.87
16651,5.332
16652,2.403
16653,4.792
16654,5.329
16655,4.305
16656,1.964
16657,3.093
16658,5.386
16659,5.438
16660,5.097
16661,4.609
16662,5.245
16663,3.779
16664,4.251
16665,5.394
16666,4.186
16667,5.287
16668,5.378
16669,5.404
16670,4.372
16671,3.546
16672,2.239
16673,3.6
16674,2.679
16675,4.172
16676,5.021
16677,5.211
16678,4.603
16679,4.636
16680,4.868
16681,5.222
16682,5.135
16683,2.618
16684,4.651
16685,3.726
16686,5.188
16687,5.132
16688,4.934
16689,5.255
16690,5.22
16691,3.859
16692,4.587
16693,5.205
16694,5.232
16695,5.439
16696,4.793
16697,5.199
16698,5.284
16699,5.414
16700,5.13
16701,5.319
16702,5.116
16703,4.601
16704,5.312
16705,2.888
16706,5.007
16707,5.226
16708,4.924
16709,3.349
16710,4.983
16711,4.983
16712,5.449
16713,5.255
16714,2.72
16715,3.217
16716,3.807
16717,3.997
16718,5.324
16719,5.002
16720,5.258
16721,4.39
16722,5.195
16723,5.094
16724,5.347
16725,4.118
16726,5.23
16727,5.285
16728,5.059
16729,4.869
16730,5.242
16731,5.747
16732,5.223
16733,5.029
16734,4.645
16735,4.774
16736,4.794
16737,5.381
16738,3.159
16739,5.042
16740,4.175
16741,4.682
16742,4.226
16743,4.927
16744,5.355
16745,4.479
16746,3.776
16747,3.419
16748,4.896
16749,5.161
16750,5.024
16751,5.205
16752,5.359
16753,5.027
16754,5.311
16755,5.133
16756,5.209
16757,5.206
16758,3.119
16759,4.742
16760,2.135
16761,4.183
16762,4.972
16763,5.145
16764,4.678
16765,4.044
16766,5.371
16767,5.259
16768,2.4
16769,5.395
16770,4.009
16771,3.103
16772,5.553
16773,5.227
16774,5.271
16775,4.244
16776,5.383
16777,4.679
16778,4.631
16779,4.9
16780,4.801
16781,4.706
16782,3.194
16783,5.393
16784,5.193
16785,5.236
16786,5.016
16787,5.495
16788,4.37
16789,5.34
16790,3.365
16791,5.02
16792,4.092
16793,3.919
16794,5.624
16795,5.041
16796,4.485
16797,4.404
16798,5.45
16799,4.667
16800,4.402
16801,5.003
16802,5.292
16803,5.1
16804,3.259
16805,5.156
16806,5.016
16807,3.234
16808,4.627
16809,5.231
16810,4.802
16811,4.575
16812,5.233
16813,5.052
16814,3.872
16815,4.632
16816,5.059
16817,4.816
16818,5.21
16819,4.484
16820,4.632
16821,3.687
16822,4.511
16823,4.538
16824,5.475
16825,4.818
16826,5.429
16827,4.4
16828,4.06
16829,3.971
16830,5.268
16831,5.32
16832,3.068
16833,4.244
16834,3.757
16835,4.393
16836,5.315
16837,2.501
16838,4.624
16839,5.379
16840,4.183
16841,5.235
16842,5.064
16843,5.376
16844,5.089
16845,5.12
16846,3.428
16847,4.306
16848,5.231
16849,3.694
16850,5.358
16851,4.393
16852,5.099
16853,2.887
16854,3.629
16855,3.334
16856,5.48
16857,5.431
16858,5.124
16859,2.369
16860,3.783
16861,3.185
16862,5.436
16863,4.726
16864,5.145
16865,5.48
16866,2.082
16867,3.922
16868,5.188
16869,5.219
16870,4.991
16871,2.565
16872,4.472
16873,5.371
16874,5.195
16875,4.693
16876,5.267
16877,4.405
16878,5.137
16879,5.239
16880,5.255
16881,5.184
16882,5.158
16883,5.316
16884,3.495
16885,5.325
16886,5.243
16887,4.461
16888,4.943
16889,5.308
16890,5.242
16891,5.299
16892,4.484
16893,5.258
16894,3.929
16895,4.365
16896,5.034
16897,5.29
16898,4.268
16899,5.424
16900,4.913
16901,5.18
16902,4.78
16903,4.369
16904,3.919
16905,4.022
16906,5.332
16907,4.981
16908,3.401
16909,4.39
16910,3.155
16911,2.077
16912,4.51
16913,4.06
16914,5.305
16915,4.785
16916,5.173
16917,5.048
16918,5.367
16919,4.571
16920,4.957
16921,4.489
16922,5.299
16923,4.41
16924,4.989
16925,5.529
16926,3.724
16927,5.294
16928,4.138
16929,5.233
16930,4.136
16931,5.21
16932,5.288
16933,5.243
16934,5.05
16935,4.894
16936,4.517
16937,5.005
16938,4.846
16939,4.682
16940,4.778
16941,5.36
16942,5.304
16943,4.254
16944,5.212
16945,5.027
16946,5.235
16947,5.013
16948,5.179
16949,4.619
16950,5.245
16951,4.623
16952,3.596
16953,3.749
16954,4.362
16955,5.065
16956,5.146
16957,4.692
16958,3.764
16959,4.363
16960,5.117
16961,4.559
16962,4.313
16963,5.237
16964,2.353
16965,5.282
16966,5.613
16967,5.029
16968,4.32
16969,5.113
16970,4.988
16971,5.203
16972,5.419
16973,5.22
16974,4.532
16975,4.157
16976,2.77
16977,5.067
16978,2.921
16979,5.172
16980,5.103
16981,2.288
16982,5.065
16983,5.222
16984,3.209
16985,5.116
16986,5.093
16987,5.082
16988,4.531
16989,2.904
16990,5.036
16991,2.397
16992,5.336
16993,5.188
16994,5.148
16995,5.411
16996,4.885
16997,4.25
16998,5.737
16999,5.296
17000,3.248
17001,4.455
17002,5.182
17003,4.376
17004,5.423
17005,3.694
17006,4.44
17007,4.319
17008,2.224
17009,4.364
17010,5.185
17011,4.118
17012,4.127
17013,4.179
17014,5.061
17015,5.424
17016,5.191
17017,3.969
17018,3.199
17019,4.705
17020,5.246
17021,5.166
17022,4.708
17023,5.318
17024,4.509
17025,5.105
17026,4.005
17027,3.198
17028,2.607
17029,5.216
17030,4.547
17031,4.485
17032,4.571
17033,5.584
17034,2.659
17035,5.787
17036,5.12
17037,3.058
17038,5.153
17039,4.107
17040,3.649
17041,4.986
17042,5.339
17043,5.306
17044,2.697
17045,2.915
17046,5.306
17047,5.136
17048,2.954
17049,5.127
17050,5.093
17051,5.25
17052,5.513
17053,4.765
17054,5.033
17055,5.047
17056,5.055
17057,5.092
17058,4.171
17059,3.34
17060,5.107
17061,5.414
17062,5.372
17063,5.124
17064,5.06
17065,2.272
17066,1.092
17067,5.329
17068,5.147
17069,3.599
17070,5.133
17071,5.128
17072,5.2
17073,5.185
17074,5.163
17075,5.333
17076,5.373
17077,4.046
17078,4.495
17079,5.242
17080,4.418
17081,5.512
17082,5.312
17083,4.458
17084,4.582
17085,5.13
17086,3.035
17087,5.226
17088,4.208
17089,3.45
17090,5.346
17091,4.749
17092,5.154
17093,4.406
17094,5.272
17095,4.069
17096,6.044
17097,4.88
17098,4.533
17099,4.573
17100,1.721
17101,2.71
17102,4.566
17103,5.356
17104,2.964
17105,5.353
17106,5.466
17107,4.693
17108,4.707
17109,4.836
17110,5.209
17111,4.002
17112,5.305
17113,4.374
17114,5.376
17115,4.351
17116,5.037
17117,4.12
17118,5.414
17119,3.652
17120,5.458
17121,4.556
17122,2.246
17123,5.312
17124,5.226
17125,3.643
17126,4.565
17127,3.564
17128,4.922
17129,5.313
17130,3.186
17131,5.129
17132,5.003
17133,5.198
17134,5.275
17135,4.841
17136,4.088
17137,5.339
17138,4.287
17139,3.416
17140,2.42
17141,5.258
17142,4.607
17143,5.147
17144,5.149
17145,4.387
17146,5.201
17147,5.207
17148,5.227
17149,4.364
17150,5.35
17151,4.768
17152,5.385
17153,2.438
17154,2.695
17155,5.367
17156,5.104
17157,5.48
17158,5.374
17159,3.145
17160,5.289
17161,2.629
17162,5.295
17163,5.31
17164,3.234
17165,5.101
17166,4.642
17167,4.929
17168,5.015
17169,5.329
17170,4.129
17171,5.37
17172,5.404
17173,3.887
17174,3.194
17175,5.289
17176,3.349
17177,5.217
17178,4.244
17179,3.3
17180,4.252
17181,5.167
17182,5.351
17183,4.265
17184,4.818
17185,5.2
17186,5.251
17187,4.812
17188,5.071
17189,5.311
17190,5.511
17191,3.991
17192,5.181
17193,5.428
17194,5.178
17195,5.575
17196,2.678
17197,5.344
17198,3.14
17199,5.555
17200,5.18
17201,4.22
17202,4.985
17203,3.823
17204,5.135
17205,5.432
17206,5.162
17207,5.078
17208,5.239
17209,1.068
17210,5.415
17211,3.574
17212,5.305
17213,4.299
17214,4.444
17215,5.207
17216,5.201
17217,4.526
17218,4.134
17219,5.233
17220,5.017
17221,3.512
17222,4.429
17223,2.542
17224,3.172
17225,3.068
17226,5.344
17227,4.573
17228,5.135
17229,3.062
17230,4.082
17231,5.075
17232,5.357
17233,4.068
17234,3.613
17235,2.39
17236,4.69
17237,4.919
17238,4.231
17239,2.577
17240,5.362
17241,4.345
17242,5.256
17243,5.215
17244,3.172
17245,4.801
17246,5.092
17247,5.32
17248,5.222
17249,2.013
17250,4.152
17251,4.61
17252,5.009
17253,2.709
17254,5.208
17255,5.245
17256,5.375
17257,5.09
17258,4.062
17259,5.537
17260,4.54
17261,5.185
17262,4.993
17263,5.416
17264,5.166
17265,5.618
17266,4.591
17267,4.457
17268,5.243
17269,5.157
17270,3.741
17271,5.337
17272,4.025
17273,4.608
17274,5.151
17275,3.516
17276,5.157
17277,5.3
17278,5.355
17279,3.621
17280,3.787
17281,5.267
17282,4.513
17283,5.091
17284,2.535
17285,4.838
17286,4.873
17287,5.291
17288,4.284
17289,5.548
17290,2.023
17291,5.124
17292,5.187
17293,5.273
17294,4.821
17295,5.068
17296,5.408
17297,5.032
17298,3.728
17299,3.392
17300,5.021
17301,5.19
17302,5.205
17303,4.692
17304,4.829
17305,5.266
17306,5.002
17307,4.689
17308,5.547
17309,5.314
17310,5.249
17311,4.304
17312,5.049
17313,4.853
17314,5.051
17315,4.561
17316,5.138
17317,0.76
17318,5.106
17319,5.083
17320,3.31
17321,5.412
17322,3.197
17323,5.012
17324,5.071
17325,5.115
17326,4.198
17327,4.995
17328,5.363
17329,5.206
17330,3.609
17331,5.356
17332,4.347
17333,5.384
17334,5.392
17335,3.214
17336,5.153
17337,5.09
17338,4.131
17339,5.709
17340,1.952
17341,5.501
17342,4.488
17343,5.46
17344,4.347
17345,1.676
